symbol,date,open,close,high,low,volume,oi,timestamp
aofi,2023-06-19,2713.0,2708.0,2754.0,2677.0,100744.0,14720.0,1687132800
aofi,2023-06-20,2701.0,2715.0,2730.0,2700.0,66774.0,14244.0,1687219200
aofi,2023-06-21,2711.0,2719.0,2723.0,2702.0,56690.0,11694.0,1687305600
aofi,2023-06-26,2714.0,2790.0,2802.0,2706.0,133633.0,54755.0,1687737600
aofi,2023-06-27,2786.0,2777.0,2826.0,2756.0,197718.0,86352.0,1687824000
aofi,2023-06-28,2780.0,2780.0,2791.0,2765.0,123404.0,111465.0,1687910400
aofi,2023-06-29,2776.0,2788.0,2799.0,2772.0,108278.0,131549.0,1687996800
aofi,2023-06-30,2782.0,2800.0,2812.0,2781.0,106212.0,136747.0,1688083200
aofi,2023-07-03,2802.0,2814.0,2819.0,2799.0,77789.0,145917.0,1688342400
aofi,2023-07-04,2811.0,2804.0,2823.0,2799.0,79293.0,159190.0,1688428800
aofi,2023-07-05,2805.0,2813.0,2819.0,2803.0,52396.0,160749.0,1688515200
aofi,2023-07-06,2819.0,2823.0,2832.0,2805.0,65453.0,170556.0,1688601600
aofi,2023-07-07,2820.0,2817.0,2829.0,2815.0,63426.0,178012.0,1688688000
aofi,2023-07-10,2817.0,2809.0,2821.0,2792.0,89123.0,181731.0,1688947200
aofi,2023-07-11,2811.0,2810.0,2818.0,2805.0,33930.0,185914.0,1689033600
aofi,2023-07-12,2809.0,2789.0,2810.0,2775.0,93594.0,193210.0,1689120000
aofi,2023-07-13,2796.0,2785.0,2805.0,2770.0,89423.0,199515.0,1689206400
aofi,2023-07-14,2788.0,2777.0,2797.0,2770.0,95955.0,200691.0,1689292800
aofi,2023-07-17,2779.0,2773.0,2789.0,2730.0,164434.0,201734.0,1689552000
aofi,2023-07-18,2777.0,2795.0,2813.0,2770.0,112770.0,205318.0,1689638400
aofi,2023-07-19,2793.0,2810.0,2814.0,2793.0,57992.0,210036.0,1689724800
aofi,2023-07-20,2810.0,2868.0,2895.0,2807.0,210544.0,220585.0,1689811200
aofi,2023-07-21,2874.0,2856.0,2880.0,2842.0,108409.0,224348.0,1689897600
aofi,2023-07-24,2856.0,2867.0,2872.0,2852.0,112082.0,232821.0,1690156800
aofi,2023-07-25,2867.0,2874.0,2878.0,2846.0,107773.0,231155.0,1690243200
aofi,2023-07-26,2879.0,2866.0,2896.0,2865.0,116063.0,216717.0,1690329600
aofi,2023-07-27,2863.0,2879.0,2887.0,2855.0,88830.0,199483.0,1690416000
aofi,2023-07-28,2882.0,2870.0,2889.0,2864.0,91876.0,174096.0,1690502400
aofi,2023-07-31,2867.0,2875.0,2886.0,2863.0,79909.0,146144.0,1690761600
aofi,2023-08-01,2882.0,2917.0,2921.0,2874.0,111785.0,147912.0,1690848000
aofi,2023-08-02,2910.0,2911.0,2927.0,2903.0,78323.0,144542.0,1690934400
aofi,2023-08-03,2902.0,2883.0,2910.0,2865.0,77171.0,139131.0,1691020800
aofi,2023-08-04,2881.0,2859.0,2891.0,2858.0,63286.0,134522.0,1691107200
aofi,2023-08-07,2854.0,2869.0,2879.0,2852.0,62117.0,131290.0,1691366400
aofi,2023-08-08,2868.0,2861.0,2881.0,2861.0,46546.0,125556.0,1691452800
aofi,2023-08-09,2846.0,2865.0,2869.0,2840.0,52600.0,124267.0,1691539200
aofi,2023-08-10,2868.0,2867.0,2875.0,2861.0,76175.0,122421.0,1691625600
aofi,2023-08-11,2869.0,2888.0,2894.0,2859.0,86508.0,121349.0,1691712000
aofi,2023-08-14,2889.0,2870.0,2893.0,2866.0,90661.0,120061.0,1691971200
aofi,2023-08-15,2866.0,2887.0,2888.0,2859.0,52330.0,118273.0,1692057600
aofi,2023-08-16,2884.0,2868.0,2887.0,2868.0,45448.0,115764.0,1692144000
aofi,2023-08-17,2866.0,2888.0,2892.0,2864.0,69958.0,113116.0,1692230400
aofi,2023-08-18,2895.0,2883.0,2905.0,2875.0,76716.0,111018.0,1692316800
aofi,2023-08-21,2881.0,2908.0,2912.0,2876.0,69181.0,111478.0,1692576000
aofi,2023-08-22,2911.0,2913.0,2917.0,2900.0,75999.0,112394.0,1692662400
aofi,2023-08-23,2916.0,2947.0,2970.0,2902.0,152362.0,115983.0,1692748800
aofi,2023-08-24,2947.0,2934.0,2962.0,2931.0,114024.0,116166.0,1692835200
aofi,2023-08-25,2931.0,2957.0,2966.0,2927.0,111235.0,115140.0,1692921600
aofi,2023-08-28,2959.0,2943.0,2965.0,2926.0,85838.0,110389.0,1693180800
aofi,2023-08-29,2948.0,2945.0,2950.0,2929.0,65944.0,105059.0,1693267200
aofi,2023-08-30,2943.0,2965.0,2971.0,2943.0,85585.0,104750.0,1693353600
aofi,2023-08-31,2968.0,2970.0,2986.0,2954.0,105694.0,94023.0,1693440000
aofi,2023-09-01,2966.0,3003.0,3025.0,2945.0,159810.0,97845.0,1693526400
aofi,2023-09-04,2998.0,3071.0,3191.0,2997.0,351954.0,110073.0,1693785600
aofi,2023-09-05,3071.0,3119.0,3153.0,3058.0,311828.0,116759.0,1693872000
aofi,2023-09-06,3112.0,3110.0,3148.0,3085.0,218343.0,122626.0,1693958400
aofi,2023-09-07,3108.0,3084.0,3125.0,3074.0,174184.0,123480.0,1694044800
aofi,2023-09-08,3077.0,3033.0,3090.0,3003.0,135766.0,121936.0,1694131200
aofi,2023-09-11,3037.0,3059.0,3069.0,3018.0,78753.0,122459.0,1694390400
aofi,2023-09-12,3058.0,3049.0,3116.0,3046.0,86647.0,121776.0,1694476800
aofi,2023-09-13,3055.0,3025.0,3068.0,2993.0,103631.0,122972.0,1694563200
aofi,2023-09-14,3022.0,3091.0,3096.0,3008.0,103647.0,124262.0,1694649600
aofi,2023-09-15,3092.0,3028.0,3155.0,3023.0,201268.0,123744.0,1694736000
aofi,2023-09-18,3019.0,3039.0,3052.0,3002.0,89732.0,123373.0,1694995200
aofi,2023-09-19,3041.0,3063.0,3085.0,3020.0,126780.0,124228.0,1695081600
aofi,2023-09-20,3062.0,3063.0,3075.0,3037.0,80884.0,124187.0,1695168000
aofi,2023-09-21,3067.0,3033.0,3106.0,3033.0,143648.0,122252.0,1695254400
aofi,2023-09-22,3030.0,3080.0,3089.0,3005.0,105816.0,118771.0,1695340800
aofi,2023-09-25,3080.0,3040.0,3091.0,3020.0,116346.0,117785.0,1695600000
aofi,2023-09-26,3044.0,3024.0,3057.0,3018.0,94504.0,99090.0,1695686400
aofi,2023-09-27,3054.0,3033.0,3054.0,2998.0,93975.0,94701.0,1695772800
aofi,2023-09-28,3030.0,3058.0,3084.0,3028.0,79197.0,88201.0,1695859200
aofi,2023-10-09,3078.0,3025.0,3078.0,3003.0,55870.0,92611.0,1696809600
aofi,2023-10-10,3028.0,2979.0,3037.0,2958.0,102553.0,97457.0,1696896000
aofi,2023-10-11,2979.0,3040.0,3060.0,2959.0,129425.0,103476.0,1696982400
aofi,2023-10-12,3037.0,3050.0,3058.0,3021.0,88440.0,107463.0,1697068800
aofi,2023-10-13,3048.0,3032.0,3067.0,3005.0,91300.0,103128.0,1697155200
aofi,2023-10-16,3037.0,3139.0,3141.0,3027.0,145181.0,124739.0,1697414400
aofi,2023-10-17,3144.0,3092.0,3187.0,3058.0,252709.0,127222.0,1697500800
aofi,2023-10-18,3092.0,3100.0,3120.0,3068.0,104656.0,125861.0,1697587200
aofi,2023-10-19,3106.0,3122.0,3130.0,3098.0,141891.0,130912.0,1697673600
aofi,2023-10-20,3116.0,3074.0,3126.0,3061.0,138220.0,120617.0,1697760000
aofi,2023-10-23,3075.0,3047.0,3087.0,3036.0,122654.0,118048.0,1698019200
aofi,2023-10-24,3047.0,3078.0,3078.0,3035.0,92087.0,113986.0,1698105600
aofi,2023-10-25,3078.0,3096.0,3100.0,3073.0,99631.0,109943.0,1698192000
aofi,2023-10-26,3102.0,3089.0,3136.0,3076.0,142121.0,83194.0,1698278400
aofi,2023-10-27,3082.0,3077.0,3091.0,3058.0,78074.0,79531.0,1698364800
aofi,2023-10-30,3053.0,3064.0,3078.0,3039.0,88349.0,86674.0,1698624000
aofi,2023-10-31,3066.0,3043.0,3074.0,3020.0,91775.0,90737.0,1698710400
aofi,2023-11-01,3046.0,3026.0,3046.0,3015.0,61940.0,92124.0,1698796800
aofi,2023-11-02,3028.0,3030.0,3040.0,3009.0,59446.0,93279.0,1698883200
aofi,2023-11-03,3032.0,3039.0,3050.0,3022.0,65032.0,94256.0,1698969600
aofi,2023-11-06,3043.0,3068.0,3082.0,3033.0,72319.0,99385.0,1699228800
aofi,2023-11-07,3070.0,3036.0,3084.0,3035.0,47526.0,97881.0,1699315200
aofi,2023-11-08,3033.0,3025.0,3038.0,3003.0,59783.0,98340.0,1699401600
aofi,2023-11-09,3024.0,2982.0,3024.0,2968.0,59793.0,96741.0,1699488000
aofi,2023-11-10,2986.0,2965.0,3012.0,2943.0,69404.0,94218.0,1699574400
aofi,2023-11-13,2966.0,2882.0,2966.0,2881.0,126146.0,100529.0,1699833600
aofi,2023-11-14,2884.0,2906.0,2921.0,2860.0,85299.0,102369.0,1699920000
aofi,2023-11-15,2907.0,2928.0,2950.0,2899.0,63704.0,101402.0,1700006400
aofi,2023-11-16,2962.0,2971.0,2980.0,2939.0,62314.0,95861.0,1700092800
aofi,2023-11-17,2968.0,2961.0,2983.0,2935.0,56953.0,92483.0,1700179200
aofi,2023-11-20,2966.0,2990.0,3003.0,2934.0,63034.0,92773.0,1700438400
aofi,2023-11-21,2991.0,2942.0,2996.0,2933.0,56853.0,89177.0,1700524800
aofi,2023-11-22,2937.0,2915.0,2944.0,2900.0,74842.0,88380.0,1700611200
aofi,2023-11-23,2910.0,2917.0,2925.0,2892.0,54264.0,89217.0,1700697600
aofi,2023-11-24,2917.0,2937.0,2954.0,2917.0,76435.0,102934.0,1700784000
aofi,2023-11-27,2936.0,2946.0,2950.0,2914.0,82094.0,82842.0,1701043200
aofi,2023-11-28,2946.0,2951.0,2980.0,2925.0,70587.0,87805.0,1701129600
aofi,2023-11-29,2955.0,2950.0,2978.0,2939.0,51683.0,92842.0,1701216000
aofi,2023-11-30,2950.0,2960.0,2963.0,2910.0,73514.0,95356.0,1701302400
aofi,2023-12-01,2950.0,2903.0,2971.0,2900.0,65261.0,96414.0,1701388800
aofi,2023-12-04,2905.0,2927.0,2953.0,2895.0,63166.0,102309.0,1701648000
aofi,2023-12-05,2928.0,2892.0,2942.0,2884.0,64659.0,108205.0,1701734400
aofi,2023-12-06,2882.0,2865.0,2913.0,2841.0,109987.0,114605.0,1701820800
aofi,2023-12-07,2867.0,2867.0,2881.0,2849.0,58265.0,115627.0,1701907200
aofi,2023-12-08,2870.0,2888.0,2904.0,2856.0,49327.0,113750.0,1701993600
aofi,2023-12-11,2884.0,2860.0,2906.0,2852.0,53753.0,118666.0,1702252800
aofi,2023-12-12,2859.0,2872.0,2882.0,2832.0,56947.0,121213.0,1702339200
aofi,2023-12-13,2874.0,2858.0,2888.0,2846.0,49916.0,121739.0,1702425600
aofi,2023-12-14,2860.0,2896.0,2903.0,2854.0,52542.0,118812.0,1702512000
aofi,2023-12-15,2903.0,2911.0,2924.0,2895.0,50102.0,115373.0,1702598400
aofi,2023-12-18,2925.0,2927.0,2940.0,2904.0,46863.0,114175.0,1702857600
aofi,2023-12-19,2930.0,2922.0,2932.0,2916.0,31585.0,112424.0,1702944000
aofi,2023-12-20,2921.0,2965.0,2969.0,2911.0,52733.0,112448.0,1703030400
aofi,2023-12-21,2962.0,3010.0,3019.0,2949.0,70582.0,109428.0,1703116800
aofi,2023-12-22,3003.0,3188.0,3188.0,3003.0,144346.0,127785.0,1703203200
aofi,2023-12-25,3210.0,3167.0,3315.0,3138.0,498454.0,122709.0,1703462400
aofi,2023-12-26,3170.0,3201.0,3226.0,3152.0,259970.0,104831.0,1703548800
aofi,2023-12-27,3201.0,3234.0,3255.0,3181.0,270036.0,98626.0,1703635200
aofi,2023-12-28,3246.0,3315.0,3337.0,3238.0,310009.0,112230.0,1703721600
aofi,2023-12-29,3303.0,3355.0,3375.0,3298.0,266633.0,121737.0,1703808000
aofi,2024-01-02,3356.0,3591.0,3593.0,3346.0,282772.0,144704.0,1704153600
aofi,2024-01-03,3626.0,3508.0,3758.0,3490.0,1267137.0,141548.0,1704240000
aofi,2024-01-04,3501.0,3370.0,3582.0,3360.0,949309.0,144229.0,1704326400
aofi,2024-01-05,3371.0,3417.0,3441.0,3334.0,555748.0,143105.0,1704412800
aofi,2024-01-08,3409.0,3374.0,3460.0,3324.0,352109.0,128246.0,1704672000
aofi,2024-01-09,3356.0,3244.0,3367.0,3188.0,324007.0,121498.0,1704758400
aofi,2024-01-10,3263.0,3265.0,3298.0,3218.0,218488.0,112413.0,1704844800
aofi,2024-01-11,3275.0,3395.0,3403.0,3237.0,304019.0,131639.0,1704931200
aofi,2024-01-12,3399.0,3350.0,3410.0,3327.0,287766.0,129694.0,1705017600
aofi,2024-01-15,3343.0,3270.0,3357.0,3260.0,222056.0,119061.0,1705276800
aofi,2024-01-16,3268.0,3236.0,3293.0,3191.0,165058.0,109089.0,1705363200
aofi,2024-01-17,3240.0,3235.0,3260.0,3218.0,96546.0,101803.0,1705449600
aofi,2024-01-18,3229.0,3251.0,3267.0,3210.0,101505.0,96994.0,1705536000
aofi,2024-01-19,3241.0,3243.0,3259.0,3222.0,69490.0,93808.0,1705622400
aofi,2024-01-22,3235.0,3207.0,3252.0,3181.0,92192.0,87843.0,1705881600
aofi,2024-01-23,3202.0,3237.0,3253.0,3193.0,67067.0,83442.0,1705968000
aofi,2024-01-24,3239.0,3310.0,3326.0,3235.0,149985.0,92575.0,1706054400
aofi,2024-01-25,3314.0,3277.0,3329.0,3257.0,72134.0,87055.0,1706140800
aofi,2024-01-26,3287.0,3234.0,3298.0,3220.0,88353.0,85010.0,1706227200
aofi,2024-01-29,3235.0,3240.0,3263.0,3205.0,77952.0,77995.0,1706486400
aofi,2024-01-30,3243.0,3228.0,3254.0,3211.0,52051.0,73594.0,1706572800
aofi,2024-01-31,3235.0,3196.0,3238.0,3177.0,75113.0,72892.0,1706659200
aofi,2024-02-01,3206.0,3200.0,3211.0,3163.0,49462.0,71453.0,1706745600
aofi,2024-02-02,3202.0,3140.0,3218.0,3132.0,65847.0,72972.0,1706832000
aofi,2024-02-05,3136.0,3146.0,3172.0,3132.0,32461.0,69840.0,1707091200
aofi,2024-02-06,3147.0,3140.0,3153.0,3102.0,42620.0,67778.0,1707177600
aofi,2024-02-07,3144.0,3154.0,3165.0,3134.0,26424.0,63423.0,1707264000
aofi,2024-02-08,3159.0,3147.0,3195.0,3140.0,33295.0,58952.0,1707350400
aofi,2024-02-19,3150.0,3130.0,3177.0,3115.0,19006.0,60294.0,1708300800
aofi,2024-02-20,3131.0,3150.0,3176.0,3126.0,31152.0,59512.0,1708387200
aofi,2024-02-21,3151.0,3222.0,3254.0,3117.0,91161.0,67326.0,1708473600
aofi,2024-02-22,3229.0,3217.0,3245.0,3189.0,65121.0,63464.0,1708560000
aofi,2024-02-23,3214.0,3299.0,3319.0,3206.0,157058.0,75764.0,1708646400
aofi,2024-02-26,3297.0,3275.0,3320.0,3248.0,124345.0,76674.0,1708905600
aofi,2024-02-27,3274.0,3272.0,3292.0,3261.0,77382.0,78672.0,1708992000
aofi,2024-02-28,3267.0,3224.0,3288.0,3215.0,88628.0,76773.0,1709078400
aofi,2024-02-29,3223.0,3220.0,3229.0,3169.0,109487.0,74208.0,1709164800
aofi,2024-03-01,3227.0,3213.0,3248.0,3192.0,77851.0,71023.0,1709251200
aofi,2024-03-04,3220.0,3200.0,3245.0,3179.0,78174.0,69840.0,1709510400
aofi,2024-03-05,3197.0,3210.0,3233.0,3188.0,64411.0,67529.0,1709596800
aofi,2024-03-06,3216.0,3202.0,3223.0,3185.0,53328.0,68275.0,1709683200
aofi,2024-03-07,3204.0,3210.0,3240.0,3202.0,66060.0,67626.0,1709769600
aofi,2024-03-08,3223.0,3290.0,3303.0,3218.0,138514.0,74739.0,1709856000
aofi,2024-03-11,3282.0,3232.0,3300.0,3204.0,91797.0,70281.0,1710115200
aofi,2024-03-12,3239.0,3229.0,3261.0,3205.0,67309.0,70456.0,1710201600
aofi,2024-03-13,3237.0,3236.0,3242.0,3216.0,44152.0,68913.0,1710288000
aofi,2024-03-14,3245.0,3247.0,3316.0,3228.0,118077.0,67825.0,1710374400
aofi,2024-03-15,3240.0,3279.0,3290.0,3234.0,79347.0,69603.0,1710460800
aofi,2024-03-18,3276.0,3355.0,3359.0,3238.0,130501.0,78621.0,1710720000
aofi,2024-03-19,3347.0,3312.0,3383.0,3295.0,171583.0,79187.0,1710806400
aofi,2024-03-20,3309.0,3314.0,3346.0,3303.0,83692.0,78877.0,1710892800
aofi,2024-03-21,3324.0,3375.0,3382.0,3319.0,136155.0,87997.0,1710979200
aofi,2024-03-22,3375.0,3332.0,3398.0,3318.0,135318.0,80052.0,1711065600
aofi,2024-03-25,3328.0,3285.0,3345.0,3273.0,97344.0,72746.0,1711324800
aofi,2024-03-26,3287.0,3280.0,3311.0,3271.0,82246.0,71222.0,1711411200
aofi,2024-03-27,3290.0,3302.0,3312.0,3271.0,76762.0,70258.0,1711497600
aofi,2024-03-28,3301.0,3287.0,3302.0,3253.0,75392.0,66955.0,1711584000
aofi,2024-03-29,3286.0,3296.0,3312.0,3272.0,66395.0,67310.0,1711670400
aofi,2024-04-01,3304.0,3352.0,3359.0,3298.0,75270.0,70858.0,1711929600
aofi,2024-04-02,3356.0,3326.0,3357.0,3309.0,51721.0,69018.0,1712016000
aofi,2024-04-03,3340.0,3320.0,3344.0,3312.0,56636.0,65348.0,1712102400
aofi,2024-04-08,3346.0,3347.0,3377.0,3286.0,66114.0,65946.0,1712534400
aofi,2024-04-09,3349.0,3342.0,3366.0,3298.0,74708.0,64307.0,1712620800
aofi,2024-04-10,3345.0,3378.0,3392.0,3340.0,85809.0,69942.0,1712707200
aofi,2024-04-11,3373.0,3348.0,3379.0,3319.0,80427.0,67007.0,1712793600
aofi,2024-04-12,3343.0,3365.0,3367.0,3330.0,65272.0,66940.0,1712880000
aofi,2024-04-15,3380.0,3481.0,3576.0,3377.0,364428.0,82793.0,1713139200
aofi,2024-04-16,3476.0,3442.0,3487.0,3421.0,118401.0,78795.0,1713225600
aofi,2024-04-17,3433.0,3514.0,3538.0,3407.0,180240.0,89346.0,1713312000
aofi,2024-04-18,3527.0,3544.0,3550.0,3492.0,145592.0,88909.0,1713398400
aofi,2024-04-19,3550.0,3513.0,3561.0,3502.0,107809.0,86382.0,1713484800
aofi,2024-04-22,3506.0,3459.0,3514.0,3458.0,107446.0,81062.0,1713744000
aofi,2024-04-23,3467.0,3469.0,3490.0,3447.0,76551.0,79824.0,1713830400
aofi,2024-04-24,3450.0,3512.0,3523.0,3431.0,71266.0,83276.0,1713916800
aofi,2024-04-25,3517.0,3679.0,3692.0,3513.0,314383.0,107281.0,1714003200
aofi,2024-04-26,3686.0,3789.0,3799.0,3651.0,357731.0,141167.0,1714089600
aofi,2024-04-29,3795.0,3749.0,3859.0,3709.0,520609.0,146379.0,1714348800
aofi,2024-04-30,3762.0,3757.0,3768.0,3696.0,274378.0,128855.0,1714435200
aofi,2024-05-06,3727.0,3859.0,3864.0,3727.0,150797.0,148082.0,1714953600
aofi,2024-05-07,3863.0,3780.0,3866.0,3757.0,232466.0,146116.0,1715040000
aofi,2024-05-08,3785.0,3725.0,3785.0,3720.0,164693.0,141350.0,1715126400
aofi,2024-05-09,3733.0,3807.0,3825.0,3718.0,271993.0,159028.0,1715212800
aofi,2024-05-10,3798.0,3819.0,3842.0,3759.0,259487.0,156844.0,1715299200
aofi,2024-05-13,3792.0,3769.0,3804.0,3689.0,206105.0,147376.0,1715558400
aofi,2024-05-14,3776.0,3697.0,3812.0,3692.0,178319.0,139948.0,1715644800
aofi,2024-05-15,3678.0,3677.0,3702.0,3648.0,145138.0,134869.0,1715731200
aofi,2024-05-16,3692.0,3744.0,3785.0,3680.0,243048.0,140960.0,1715817600
aofi,2024-05-17,3729.0,3774.0,3784.0,3721.0,166490.0,142810.0,1715904000
aofi,2024-05-20,3786.0,3895.0,3990.0,3771.0,409636.0,159027.0,1716163200
aofi,2024-05-21,3858.0,4087.0,4154.0,3850.0,601544.0,177807.0,1716249600
aofi,2024-05-22,4134.0,4142.0,4259.0,4061.0,887840.0,190702.0,1716336000
aofi,2024-05-23,4096.0,3975.0,4128.0,3939.0,560048.0,180017.0,1716422400
aofi,2024-05-24,3994.0,4092.0,4125.0,3992.0,555056.0,194160.0,1716508800
aofi,2024-05-27,4118.0,4066.0,4185.0,4030.0,657726.0,183385.0,1716768000
aofi,2024-05-28,4095.0,4042.0,4151.0,4037.0,463433.0,179509.0,1716854400
aofi,2024-05-29,4060.0,4048.0,4081.0,3948.0,428138.0,170821.0,1716940800
aofi,2024-05-30,4083.0,3969.0,4112.0,3946.0,502748.0,173233.0,1717027200
aofi,2024-05-31,3938.0,3953.0,3988.0,3910.0,332766.0,168798.0,1717113600
aofi,2024-06-03,3990.0,3802.0,3998.0,3732.0,605972.0,166245.0,1717372800
aofi,2024-06-04,3819.0,3809.0,3824.0,3752.0,341923.0,167006.0,1717459200
aofi,2024-06-05,3782.0,3802.0,3857.0,3762.0,384661.0,169069.0,1717545600
aofi,2024-06-06,3803.0,3867.0,3870.0,3765.0,304040.0,173407.0,1717632000
aofi,2024-06-07,3855.0,3845.0,3915.0,3829.0,305549.0,161696.0,1717718400
aofi,2024-06-11,3806.0,3802.0,3839.0,3782.0,129027.0,157199.0,1718064000
aofi,2024-06-12,3798.0,3890.0,3918.0,3795.0,299662.0,169636.0,1718150400
aofi,2024-06-13,3919.0,3893.0,3934.0,3822.0,295550.0,173268.0,1718236800
aofi,2024-06-14,3899.0,3867.0,3903.0,3813.0,278210.0,170294.0,1718323200
aofi,2024-06-17,3859.0,3721.0,3862.0,3719.0,395438.0,172970.0,1718582400
aofi,2024-06-18,3715.0,3734.0,3771.0,3713.0,216221.0,168500.0,1718668800
aofi,2024-06-19,3725.0,3775.0,3802.0,3705.0,268796.0,170046.0,1718755200
aofi,2024-06-20,3775.0,3840.0,3861.0,3772.0,236472.0,176405.0,1718841600
aofi,2024-06-21,3846.0,3837.0,3901.0,3828.0,242187.0,177599.0,1718928000
aofi,2024-06-24,3819.0,3802.0,3835.0,3777.0,228016.0,171823.0,1719187200
aofi,2024-06-25,3804.0,3831.0,3847.0,3789.0,206417.0,168614.0,1719273600
aofi,2024-06-26,3825.0,3787.0,3825.0,3720.0,306966.0,139447.0,1719360000
aofi,2024-06-27,3785.0,3755.0,3795.0,3752.0,165769.0,137253.0,1719446400
aofi,2024-06-28,3772.0,3814.0,3820.0,3768.0,180839.0,132276.0,1719532800
aofi,2024-07-01,3830.0,3845.0,3854.0,3804.0,161466.0,132590.0,1719792000
aofi,2024-07-02,3856.0,3905.0,3925.0,3847.0,225690.0,142473.0,1719878400
aofi,2024-07-03,3915.0,3898.0,3919.0,3836.0,190337.0,134756.0,1719964800
aofi,2024-07-04,3910.0,3868.0,3917.0,3856.0,133833.0,135867.0,1720051200
aofi,2024-07-05,3870.0,3862.0,3898.0,3846.0,144451.0,131937.0,1720137600
aofi,2024-07-08,3876.0,3874.0,3900.0,3847.0,193341.0,136204.0,1720396800
aofi,2024-07-09,3881.0,3874.0,3904.0,3824.0,222005.0,131968.0,1720483200
aofi,2024-07-10,3871.0,3740.0,3872.0,3728.0,251191.0,138141.0,1720569600
aofi,2024-07-11,3756.0,3667.0,3764.0,3643.0,407897.0,157956.0,1720656000
aofi,2024-07-12,3690.0,3657.0,3701.0,3578.0,453812.0,167749.0,1720742400
aofi,2024-07-15,3665.0,3692.0,3780.0,3628.0,564962.0,158755.0,1721001600
aofi,2024-07-16,3689.0,3717.0,3738.0,3675.0,342851.0,159166.0,1721088000
aofi,2024-07-17,3693.0,3704.0,3758.0,3689.0,247029.0,154717.0,1721174400
aofi,2024-07-18,3708.0,3736.0,3748.0,3664.0,356881.0,164287.0,1721260800
aofi,2024-07-19,3711.0,3679.0,3721.0,3654.0,322974.0,155436.0,1721347200
aofi,2024-07-22,3671.0,3653.0,3695.0,3630.0,336905.0,154930.0,1721606400
aofi,2024-07-23,3633.0,3633.0,3680.0,3627.0,222736.0,154579.0,1721692800
aofi,2024-07-24,3634.0,3691.0,3695.0,3623.0,238801.0,157600.0,1721779200
aofi,2024-07-25,3697.0,3673.0,3709.0,3640.0,298817.0,155689.0,1721865600
aofi,2024-07-26,3667.0,3651.0,3714.0,3639.0,297937.0,154988.0,1721952000
aofi,2024-07-29,3651.0,3576.0,3665.0,3536.0,374608.0,166254.0,1722211200
aofi,2024-07-30,3566.0,3514.0,3579.0,3486.0,258926.0,173663.0,1722297600
aofi,2024-07-31,3498.0,3614.0,3620.0,3486.0,304959.0,179289.0,1722384000
aofi,2024-08-01,3642.0,3627.0,3661.0,3590.0,233653.0,179307.0,1722470400
aofi,2024-08-02,3638.0,3712.0,3718.0,3605.0,259871.0,186277.0,1722556800
aofi,2024-08-05,3707.0,3657.0,3715.0,3652.0,325307.0,185201.0,1722816000
aofi,2024-08-06,3633.0,3606.0,3687.0,3587.0,300360.0,181135.0,1722902400
aofi,2024-08-07,3614.0,3636.0,3660.0,3609.0,221390.0,186644.0,1722988800
aofi,2024-08-08,3636.0,3660.0,3679.0,3623.0,243355.0,189860.0,1723075200
aofi,2024-08-09,3660.0,3788.0,3841.0,3659.0,528073.0,195579.0,1723161600
aofi,2024-08-12,3789.0,3863.0,3869.0,3782.0,420537.0,214361.0,1723420800
aofi,2024-08-13,3872.0,3826.0,3874.0,3800.0,339376.0,207186.0,1723507200
aofi,2024-08-14,3828.0,3838.0,3887.0,3801.0,372991.0,217934.0,1723593600
aofi,2024-08-15,3847.0,3883.0,3886.0,3828.0,303846.0,226532.0,1723680000
aofi,2024-08-16,3892.0,3957.0,3990.0,3881.0,529381.0,239654.0,1723766400
aofi,2024-08-19,3937.0,4069.0,4076.0,3926.0,582959.0,247027.0,1724025600
aofi,2024-08-20,4071.0,3967.0,4098.0,3950.0,631374.0,238165.0,1724112000
aofi,2024-08-21,3995.0,3921.0,3999.0,3859.0,589921.0,235956.0,1724198400
aofi,2024-08-22,3918.0,3922.0,3978.0,3865.0,618357.0,236466.0,1724284800
aofi,2024-08-23,3922.0,3887.0,3942.0,3876.0,483061.0,233168.0,1724371200
aofi,2024-08-26,3898.0,3878.0,3903.0,3831.0,621819.0,216505.0,1724630400
aofi,2024-08-27,3880.0,3937.0,3962.0,3856.0,522034.0,222429.0,1724716800
aofi,2024-08-28,3938.0,3907.0,3977.0,3890.0,463945.0,216460.0,1724803200
aofi,2024-08-29,3893.0,3920.0,3945.0,3889.0,314885.0,220560.0,1724889600
aofi,2024-08-30,3920.0,3965.0,3974.0,3905.0,336017.0,229666.0,1724976000
aofi,2024-09-02,3967.0,3856.0,3968.0,3853.0,386684.0,212042.0,1725235200
aofi,2024-09-03,3848.0,3828.0,3875.0,3812.0,343071.0,213435.0,1725321600
aofi,2024-09-04,3825.0,3786.0,3853.0,3771.0,396934.0,222380.0,1725408000
aofi,2024-09-05,3795.0,3782.0,3864.0,3774.0,442596.0,227999.0,1725494400
aofi,2024-09-06,3802.0,3831.0,3840.0,3761.0,413523.0,234166.0,1725580800
aofi,2024-09-09,3842.0,3792.0,3857.0,3698.0,528179.0,238754.0,1725840000
aofi,2024-09-10,3781.0,3785.0,3824.0,3756.0,332461.0,240096.0,1725926400
aofi,2024-09-11,3771.0,3834.0,3837.0,3730.0,398270.0,245789.0,1726012800
aofi,2024-09-12,3826.0,3877.0,3888.0,3800.0,380256.0,247249.0,1726099200
aofi,2024-09-13,3885.0,3958.0,3978.0,3869.0,381605.0,247675.0,1726185600
aofi,2024-09-18,3996.0,3966.0,4007.0,3945.0,201453.0,257616.0,1726617600
aofi,2024-09-19,3983.0,4035.0,4056.0,3940.0,375216.0,262835.0,1726704000
aofi,2024-09-20,4031.0,4025.0,4054.0,4006.0,262738.0,258653.0,1726790400
aofi,2024-09-23,4014.0,3961.0,4022.0,3946.0,323999.0,256826.0,1727049600
aofi,2024-09-24,3970.0,4061.0,4061.0,3970.0,308815.0,260551.0,1727136000
aofi,2024-09-25,4080.0,4058.0,4203.0,4054.0,472848.0,246117.0,1727222400
aofi,2024-09-26,4058.0,4091.0,4108.0,4041.0,326211.0,217016.0,1727308800
aofi,2024-09-27,4135.0,4149.0,4156.0,4096.0,295129.0,202331.0,1727395200
aofi,2024-09-30,4143.0,4172.0,4183.0,4101.0,278551.0,181351.0,1727654400
aofi,2024-10-08,4213.0,4235.0,4343.0,4187.0,276637.0,183497.0,1728345600
aofi,2024-10-09,4221.0,4224.0,4252.0,4155.0,287142.0,199955.0,1728432000
aofi,2024-10-10,4202.0,4315.0,4368.0,4184.0,539134.0,230883.0,1728518400
aofi,2024-10-11,4325.0,4480.0,4550.0,4310.0,992361.0,255956.0,1728604800
aofi,2024-10-14,4537.0,4663.0,4692.0,4518.0,1283210.0,296337.0,1728864000
aofi,2024-10-15,4644.0,4539.0,4679.0,4518.0,1336810.0,291129.0,1728950400
aofi,2024-10-16,4555.0,4714.0,4718.0,4554.0,1298299.0,326805.0,1729036800
aofi,2024-10-17,4738.0,4682.0,4756.0,4658.0,1117954.0,333260.0,1729123200
aofi,2024-10-18,4684.0,4672.0,4712.0,4570.0,1283432.0,328738.0,1729209600
aofi,2024-10-21,4701.0,4815.0,4815.0,4598.0,925272.0,387254.0,1729468800
aofi,2024-10-22,4821.0,4796.0,4848.0,4728.0,784849.0,379197.0,1729555200
aofi,2024-10-23,4809.0,4784.0,4822.0,4673.0,703006.0,390185.0,1729641600
aofi,2024-10-24,4770.0,4934.0,4993.0,4765.0,758402.0,431594.0,1729728000
aofi,2024-10-25,4893.0,4865.0,4958.0,4821.0,726778.0,389271.0,1729814400
aofi,2024-10-28,4891.0,5011.0,5024.0,4865.0,714430.0,412459.0,1730073600
aofi,2024-10-29,4972.0,4958.0,4997.0,4896.0,610501.0,397923.0,1730160000
aofi,2024-10-30,4965.0,4851.0,4997.0,4719.0,771850.0,392642.0,1730246400
aofi,2024-10-31,4860.0,4806.0,4867.0,4756.0,467739.0,389367.0,1730332800
aofi,2024-11-01,4813.0,4889.0,4911.0,4782.0,522502.0,426211.0,1730419200
aofi,2024-11-04,4909.0,4832.0,4910.0,4712.0,676063.0,452729.0,1730678400
aofi,2024-11-05,4834.0,4930.0,5011.0,4743.0,747321.0,493789.0,1730764800
aofi,2024-11-06,4923.0,5021.0,5046.0,4898.0,690360.0,482679.0,1730851200
aofi,2024-11-07,4985.0,5029.0,5090.0,4904.0,481890.0,468913.0,1730937600
aofi,2024-11-08,5059.0,5174.0,5186.0,5046.0,521967.0,487215.0,1731024000
aofi,2024-11-11,5141.0,5105.0,5238.0,5010.0,771214.0,526838.0,1731283200
aofi,2024-11-12,5085.0,4972.0,5105.0,4933.0,518926.0,504717.0,1731369600
aofi,2024-11-13,4993.0,4961.0,5000.0,4888.0,478465.0,508490.0,1731456000
aofi,2024-11-14,4959.0,4888.0,5055.0,4796.0,585671.0,488511.0,1731542400
aofi,2024-11-15,4916.0,5008.0,5009.0,4875.0,480708.0,490702.0,1731628800
aofi,2024-11-18,5004.0,4976.0,5062.0,4881.0,487179.0,489286.0,1731888000
aofi,2024-11-19,4959.0,5017.0,5032.0,4910.0,290960.0,485595.0,1731974400
aofi,2024-11-20,5017.0,5160.0,5160.0,4989.0,417161.0,524406.0,1732060800
aofi,2024-11-21,5142.0,5082.0,5190.0,5032.0,471322.0,493812.0,1732147200
aofi,2024-11-22,5085.0,5030.0,5086.0,5002.0,329385.0,480101.0,1732233600
aofi,2024-11-25,5000.0,5054.0,5063.0,4958.0,372541.0,483727.0,1732492800
aofi,2024-11-26,5014.0,4988.0,5032.0,4974.0,220952.0,472114.0,1732579200
aofi,2024-11-27,4981.0,4906.0,4981.0,4902.0,304161.0,456500.0,1732665600
aofi,2024-11-28,4909.0,4814.0,4957.0,4813.0,345024.0,444725.0,1732752000
aofi,2024-11-29,4810.0,4860.0,4891.0,4799.0,296164.0,442918.0,1732838400
aofi,2024-12-02,4860.0,4965.0,4968.0,4853.0,271925.0,442535.0,1733097600
aofi,2024-12-03,4961.0,5046.0,5048.0,4953.0,287882.0,448180.0,1733184000
aofi,2024-12-04,5048.0,5108.0,5134.0,5014.0,246825.0,452667.0,1733270400
aofi,2024-12-05,5103.0,5004.0,5125.0,4962.0,367767.0,453866.0,1733356800
aofi,2024-12-06,4996.0,4782.0,5002.0,4767.0,464106.0,429797.0,1733443200
aofi,2024-12-09,4778.0,4703.0,4826.0,4670.0,398190.0,422704.0,1733702400
aofi,2024-12-10,4750.0,4696.0,4777.0,4649.0,375470.0,403640.0,1733788800
aofi,2024-12-11,4697.0,4577.0,4702.0,4538.0,452506.0,394364.0,1733875200
aofi,2024-12-12,4549.0,4638.0,4680.0,4549.0,333353.0,405408.0,1733961600
aofi,2024-12-13,4637.0,4640.0,4691.0,4615.0,254271.0,407716.0,1734048000
aofi,2024-12-16,4650.0,4623.0,4661.0,4564.0,289901.0,408708.0,1734307200
aofi,2024-12-17,4611.0,4490.0,4622.0,4484.0,236088.0,396643.0,1734393600
aofi,2024-12-18,4496.0,4569.0,4619.0,4484.0,345850.0,411619.0,1734480000
aofi,2024-12-19,4540.0,4533.0,4601.0,4487.0,322410.0,394654.0,1734566400
aofi,2024-12-20,4542.0,4573.0,4575.0,4511.0,189987.0,397547.0,1734652800
aofi,2024-12-23,4570.0,4509.0,4639.0,4490.0,378292.0,402351.0,1734912000
aofi,2024-12-24,4511.0,4453.0,4522.0,4428.0,257804.0,390510.0,1734998400
aofi,2024-12-25,4466.0,4470.0,4490.0,4404.0,352451.0,388754.0,1735084800
aofi,2024-12-26,4455.0,4482.0,4493.0,4419.0,247592.0,389537.0,1735171200
aofi,2024-12-27,4486.0,4461.0,4518.0,4445.0,223580.0,387575.0,1735257600
aofi,2024-12-30,4464.0,4518.0,4532.0,4452.0,260555.0,395842.0,1735516800
aofi,2024-12-31,4515.0,4439.0,4536.0,4434.0,237699.0,366506.0,1735603200
aofi,2025-01-02,4419.0,4352.0,4430.0,4345.0,177079.0,351543.0,1735776000
aofi,2025-01-03,4346.0,4081.0,4348.0,4039.0,524287.0,305895.0,1735862400
aofi,2025-01-06,4075.0,3980.0,4084.0,3975.0,419012.0,294242.0,1736121600
aofi,2025-01-07,4002.0,4012.0,4047.0,3943.0,313103.0,283335.0,1736208000
aofi,2025-01-08,3999.0,3919.0,4020.0,3895.0,337566.0,280497.0,1736294400
aofi,2025-01-09,3917.0,3912.0,3937.0,3859.0,320575.0,266636.0,1736380800
aofi,2025-01-10,3918.0,3875.0,3938.0,3865.0,239491.0,260836.0,1736467200
aofi,2025-01-13,3877.0,3857.0,3919.0,3833.0,289627.0,256203.0,1736726400
aofi,2025-01-14,3843.0,3728.0,3869.0,3722.0,307908.0,269340.0,1736812800
aofi,2025-01-15,3716.0,3709.0,3743.0,3688.0,381020.0,265741.0,1736899200
aofi,2025-01-16,3702.0,3645.0,3726.0,3607.0,368890.0,264444.0,1736985600
aofi,2025-01-17,3642.0,3796.0,3797.0,3604.0,511228.0,244007.0,1737072000
aofi,2025-01-20,3795.0,3745.0,3847.0,3728.0,505677.0,243074.0,1737331200
aofi,2025-01-21,3744.0,3702.0,3755.0,3683.0,287377.0,237300.0,1737417600
aofi,2025-01-22,3691.0,3702.0,3730.0,3685.0,166884.0,224396.0,1737504000
aofi,2025-01-23,3704.0,3594.0,3731.0,3579.0,260844.0,225230.0,1737590400
aofi,2025-01-24,3597.0,3582.0,3605.0,3555.0,205228.0,206268.0,1737676800
aofi,2025-01-27,3588.0,3603.0,3626.0,3576.0,114711.0,186824.0,1737936000
aofi,2025-02-05,3584.0,3458.0,3616.0,3453.0,132324.0,195170.0,1738713600
aofi,2025-02-06,3468.0,3492.0,3573.0,3430.0,234659.0,204887.0,1738800000
aofi,2025-02-07,3488.0,3478.0,3521.0,3461.0,179155.0,218035.0,1738886400
aofi,2025-02-10,3475.0,3460.0,3519.0,3443.0,200460.0,225413.0,1739145600
aofi,2025-02-11,3462.0,3450.0,3518.0,3396.0,230001.0,222919.0,1739232000
aofi,2025-02-12,3447.0,3386.0,3451.0,3370.0,165086.0,249493.0,1739318400
aofi,2025-02-13,3372.0,3359.0,3389.0,3339.0,172384.0,252370.0,1739404800
aofi,2025-02-14,3341.0,3332.0,3376.0,3312.0,184252.0,256991.0,1739491200
aofi,2025-02-17,3341.0,3410.0,3419.0,3333.0,299604.0,245823.0,1739750400
aofi,2025-02-18,3423.0,3438.0,3453.0,3383.0,185500.0,231395.0,1739836800
aofi,2025-02-19,3445.0,3416.0,3446.0,3403.0,106974.0,226386.0,1739923200
aofi,2025-02-20,3418.0,3465.0,3475.0,3407.0,141734.0,224595.0,1740009600
aofi,2025-02-21,3466.0,3430.0,3477.0,3413.0,156623.0,230308.0,1740096000
aofi,2025-02-24,3417.0,3403.0,3427.0,3357.0,205441.0,234088.0,1740355200
aofi,2025-02-25,3403.0,3392.0,3420.0,3373.0,105701.0,228326.0,1740441600
aofi,2025-02-26,3401.0,3349.0,3427.0,3340.0,192348.0,241540.0,1740528000
aofi,2025-02-27,3351.0,3389.0,3401.0,3327.0,146435.0,231285.0,1740614400
aofi,2025-02-28,3384.0,3369.0,3399.0,3356.0,109164.0,237481.0,1740700800
aofi,2025-03-03,3362.0,3354.0,3400.0,3347.0,140537.0,246703.0,1740960000
aofi,2025-03-04,3359.0,3343.0,3387.0,3318.0,152223.0,250868.0,1741046400
aofi,2025-03-05,3343.0,3297.0,3348.0,3283.0,132604.0,263409.0,1741132800
aofi,2025-03-06,3300.0,3299.0,3324.0,3274.0,116792.0,268155.0,1741219200
aofi,2025-03-07,3304.0,3283.0,3309.0,3278.0,92959.0,276149.0,1741305600
aofi,2025-03-10,3285.0,3208.0,3293.0,3188.0,178000.0,292062.0,1741564800
aofi,2025-03-11,3210.0,3202.0,3226.0,3188.0,135181.0,292315.0,1741651200
aofi,2025-03-12,3205.0,3182.0,3236.0,3168.0,182920.0,306784.0,1741737600
aofi,2025-03-13,3189.0,3152.0,3194.0,3144.0,158018.0,324186.0,1741824000
aofi,2025-03-14,3149.0,3164.0,3170.0,3124.0,187797.0,325410.0,1741910400
aofi,2025-03-17,3163.0,3120.0,3167.0,3111.0,168711.0,340138.0,1742169600
aofi,2025-03-18,3119.0,3088.0,3132.0,3087.0,134565.0,344753.0,1742256000
aofi,2025-03-19,3088.0,3032.0,3091.0,3018.0,214581.0,358501.0,1742342400
aofi,2025-03-20,3036.0,3007.0,3040.0,2978.0,311890.0,354131.0,1742428800
aofi,2025-03-21,3008.0,3034.0,3054.0,2995.0,339854.0,355197.0,1742515200
aofi,2025-03-24,3031.0,3083.0,3103.0,3026.0,363029.0,349778.0,1742774400
aofi,2025-03-25,3086.0,3075.0,3123.0,3053.0,363989.0,367540.0,1742860800
aofi,2025-03-26,3074.0,3116.0,3127.0,3073.0,297054.0,355594.0,1742947200
aofi,2025-03-27,3116.0,3068.0,3121.0,3060.0,266715.0,376781.0,1743033600
aofi,2025-03-28,3063.0,3045.0,3074.0,3038.0,231391.0,380490.0,1743120000
aofi,2025-03-31,3046.0,2956.0,3047.0,2947.0,340118.0,401964.0,1743379200
aofi,2025-04-01,2956.0,2971.0,2988.0,2943.0,287644.0,396954.0,1743465600
aofi,2025-04-02,2967.0,2911.0,2995.0,2898.0,382745.0,442168.0,1743552000
aofi,2025-04-03,2907.0,2870.0,2917.0,2870.0,291301.0,438008.0,1743638400
aofi,2025-04-07,2751.0,2790.0,2832.0,2719.0,389401.0,393041.0,1743984000
aofi,2025-04-08,2793.0,2765.0,2841.0,2744.0,427084.0,391404.0,1744070400
aofi,2025-04-09,2774.0,2819.0,2832.0,2690.0,679479.0,372087.0,1744156800
aofi,2025-04-10,2802.0,2812.0,2875.0,2793.0,659423.0,392549.0,1744243200
aofi,2025-04-11,2802.0,2826.0,2842.0,2769.0,489141.0,389409.0,1744329600
aofi,2025-04-14,2844.0,2855.0,2896.0,2824.0,540304.0,400979.0,1744588800
aofi,2025-04-15,2852.0,2814.0,2859.0,2798.0,405104.0,412593.0,1744675200
aofi,2025-04-16,2816.0,2840.0,2861.0,2812.0,435342.0,394923.0,1744761600
aofi,2025-04-17,2848.0,2856.0,2880.0,2819.0,410957.0,389685.0,1744848000
aofi,2025-04-18,2849.0,2800.0,2865.0,2792.0,584320.0,409636.0,1744934400
aofi,2025-04-21,2794.0,2828.0,2841.0,2775.0,502148.0,404168.0,1745193600
aofi,2025-04-22,2831.0,2802.0,2833.0,2781.0,375543.0,415076.0,1745280000
aofi,2025-04-23,2802.0,2845.0,2848.0,2801.0,439762.0,397872.0,1745366400
aofi,2025-04-24,2848.0,2864.0,2871.0,2808.0,628473.0,380978.0,1745452800
aofi,2025-04-25,2867.0,2834.0,2869.0,2822.0,412691.0,371439.0,1745539200
aofi,2025-04-28,2824.0,2851.0,2861.0,2820.0,348320.0,345064.0,1745798400
aofi,2025-04-29,2851.0,2762.0,2853.0,2752.0,585243.0,385036.0,1745884800
aofi,2025-04-30,2753.0,2729.0,2765.0,2693.0,607163.0,367775.0,1745971200
aofi,2025-05-06,2738.0,2675.0,2744.0,2665.0,363619.0,394860.0,1746489600
aofi,2025-05-07,2683.0,2703.0,2734.0,2683.0,530766.0,407657.0,1746576000
aofi,2025-05-08,2704.0,2793.0,2796.0,2687.0,844786.0,381927.0,1746662400
aofi,2025-05-09,2799.0,2826.0,2864.0,2781.0,1065360.0,385941.0,1746748800
aofi,2025-05-12,2820.0,2840.0,2853.0,2785.0,954921.0,384206.0,1747008000
aofi,2025-05-13,2852.0,2840.0,2863.0,2818.0,577565.0,399133.0,1747094400
aofi,2025-05-14,2840.0,2941.0,2942.0,2806.0,1198562.0,429260.0,1747180800
aofi,2025-05-15,2953.0,2987.0,3025.0,2940.0,1396638.0,449556.0,1747267200
aofi,2025-05-16,2981.0,2889.0,3006.0,2871.0,1598020.0,472480.0,1747353600
aofi,2025-05-19,2933.0,3123.0,3148.0,2921.0,3440178.0,442814.0,1747612800
aofi,2025-05-20,3140.0,3130.0,3197.0,3107.0,2165929.0,473617.0,1747699200
aofi,2025-05-21,3129.0,3241.0,3268.0,3075.0,2746134.0,491836.0,1747785600
aofi,2025-05-22,3229.0,3207.0,3265.0,3202.0,1639372.0,511419.0,1747872000
aofi,2025-05-23,3186.0,3165.0,3220.0,3139.0,2148056.0,521125.0,1747958400
aofi,2025-05-26,3149.0,3056.0,3165.0,3032.0,1630663.0,526534.0,1748217600
aofi,2025-05-27,3057.0,3015.0,3058.0,2969.0,1339091.0,512492.0,1748304000
aofi,2025-05-28,3024.0,2985.0,3048.0,2949.0,1230347.0,504395.0,1748390400
