symbol,date,open,close,high,low,volume,position,month,day
bcfi,2020-11-19,47500,47139,47546,45824,8344,2096,11,19
bcfi,2020-11-20,47188,47814,47851,46981,4893,2267,11,20
bcfi,2020-11-23,47900,48247,48649,47900,8581,3054,11,23
bcfi,2020-11-24,48237,48935,48943,47921,5830,3276,11,24
bcfi,2020-11-25,48869,48754,49126,48650,4699,3139,11,25
bcfi,2020-11-26,48704,49324,49401,48569,12108,6434,11,26
bcfi,2020-11-27,49139,50003,50039,49092,15965,9762,11,27
bcfi,2020-11-30,49896,51385,51429,49896,19250,11928,11,30
bcfi,2020-12-01,51278,50827,51556,50509,22610,13513,12,1
bcfi,2020-12-02,51076,50999,51537,50777,19380,14461,12,2
bcfi,2020-12-03,50826,50749,51175,50384,18856,15364,12,3
bcfi,2020-12-04,50972,51287,51365,50597,27968,17045,12,4
bcfi,2020-12-07,51111,50951,51570,50892,25383,17017,12,7
bcfi,2020-12-08,51165,50831,51165,50703,14449,17157,12,8
bcfi,2020-12-09,50780,51130,51305,50577,17976,17323,12,9
bcfi,2020-12-10,50982,51268,51280,50703,16810,17309,12,10
bcfi,2020-12-11,51220,51616,52752,50989,33228,17359,12,11
bcfi,2020-12-14,51719,51625,51831,51037,25183,17082,12,14
bcfi,2020-12-15,51587,51385,51648,51171,18888,16998,12,15
bcfi,2020-12-16,51386,51673,51902,51290,23448,17008,12,16
bcfi,2020-12-17,51742,52313,52343,51633,24779,17031,12,17
bcfi,2020-12-18,52226,52886,53099,52220,32656,17524,12,18
bcfi,2020-12-21,52664,52898,53110,52401,30862,17131,12,21
bcfi,2020-12-22,52494,51626,52523,51573,25525,16970,12,22
bcfi,2020-12-23,51543,51571,51725,50935,27180,16863,12,23
bcfi,2020-12-24,51534,51800,52086,51534,14542,16980,12,24
bcfi,2020-12-25,51825,52190,52273,51515,9391,17438,12,25
bcfi,2020-12-28,52085,52341,52745,51978,9874,18351,12,28
bcfi,2020-12-29,52394,51908,52578,51778,12796,19369,12,29
bcfi,2020-12-30,51995,52055,52270,51788,11214,20121,12,30
bcfi,2020-12-31,51900,51484,52022,51386,13336,20809,12,31
bcfi,2021-01-04,51575,51835,51944,51423,11105,21069,1,4
bcfi,2021-01-05,51881,51732,52141,51371,17838,22005,1,5
bcfi,2021-01-06,51766,52627,52816,51744,17713,22016,1,6
bcfi,2021-01-07,52920,52951,53081,52354,18544,21767,1,7
bcfi,2021-01-08,52767,53747,54073,52647,20983,21880,1,8
bcfi,2021-01-11,53512,52217,53692,52209,23630,21686,1,11
bcfi,2021-01-12,52631,52275,52636,51583,19346,21755,1,12
bcfi,2021-01-13,52431,52319,52587,52118,14616,21863,1,13
bcfi,2021-01-14,52319,52286,52501,52064,13783,21978,1,14
bcfi,2021-01-15,52377,52245,53166,52220,18735,22593,1,15
bcfi,2021-01-18,52623,52773,52915,51910,19592,22608,1,18
bcfi,2021-01-19,52663,52402,53303,52251,12746,22582,1,19
bcfi,2021-01-20,52462,52621,52917,52256,16111,23424,1,20
bcfi,2021-01-21,52553,52788,52927,52290,16847,23861,1,21
bcfi,2021-01-22,52730,52320,53025,52213,18299,23505,1,22
bcfi,2021-01-25,51972,52632,52713,51787,21382,21928,1,25
bcfi,2021-01-26,52481,52088,52628,52018,16645,20700,1,26
bcfi,2021-01-27,52270,52310,52664,52166,10751,20684,1,27
bcfi,2021-01-28,52301,51400,52301,51271,20322,23220,1,28
bcfi,2021-01-29,51601,51313,52087,51159,18773,22893,1,29
bcfi,2021-02-01,51655,51593,51966,51028,17036,25162,2,1
bcfi,2021-02-02,51538,51039,51548,50987,15420,25816,2,2
bcfi,2021-02-03,51202,50773,51213,50629,20861,25799,2,3
bcfi,2021-02-04,50869,51469,51593,50869,22540,25909,2,4
bcfi,2021-02-05,51433,51839,51882,51235,20034,25153,2,5
bcfi,2021-02-08,51732,52356,52571,51732,22060,24803,2,8
bcfi,2021-02-09,52224,53039,53158,52224,23242,23178,2,9
bcfi,2021-02-10,52820,54174,54248,52820,36767,21192,2,10
bcfi,2021-02-18,53505,56391,56459,53505,16804,22934,2,18
bcfi,2021-02-19,56442,57287,57337,56088,38358,24604,2,19
bcfi,2021-02-22,56961,59930,59930,56952,31086,28714,2,22
bcfi,2021-02-23,59263,60578,61245,59263,35573,26931,2,23
bcfi,2021-02-24,60187,60531,61427,59380,41664,22870,2,24
bcfi,2021-02-25,60845,62714,63141,60603,25280,21895,2,25
bcfi,2021-02-26,62630,60720,62911,60708,30235,21977,2,26
bcfi,2021-03-01,60461,60240,60858,58643,33116,21288,3,1
bcfi,2021-03-02,60070,59457,60300,58632,21547,20560,3,2
bcfi,2021-03-03,60236,60448,60899,59987,19241,21115,3,3
bcfi,2021-03-04,60413,59272,60413,59264,17440,21242,3,4
bcfi,2021-03-05,58385,58494,59162,56973,25292,20768,3,5
bcfi,2021-03-08,59079,58499,59715,58467,25479,20518,3,8
bcfi,2021-03-09,58770,58864,59867,58491,20687,20448,3,9
bcfi,2021-03-10,58746,58119,58856,57870,18138,20624,3,10
bcfi,2021-03-11,58616,59670,59921,58136,18290,20866,3,11
bcfi,2021-03-12,59653,59457,59833,59167,17880,20466,3,12
bcfi,2021-03-15,59553,59963,60508,59410,15921,20260,3,15
bcfi,2021-03-16,60153,59422,60235,59413,11659,18639,3,16
bcfi,2021-03-17,59130,59477,59584,58915,9293,18069,3,17
bcfi,2021-03-18,59452,59533,60102,59235,10486,16807,3,18
bcfi,2021-03-19,59622,58669,59825,58379,14908,16444,3,19
bcfi,2021-03-22,59287,59460,59937,58866,12055,15862,3,22
bcfi,2021-03-23,59633,59543,60208,59049,19303,15669,3,23
bcfi,2021-03-24,59363,59022,59420,58493,15182,15716,3,24
bcfi,2021-03-25,59179,58187,59432,58127,17670,15522,3,25
bcfi,2021-03-26,57861,58702,58834,57543,24123,14074,3,26
bcfi,2021-03-29,58565,58953,59290,58511,16787,14735,3,29
bcfi,2021-03-30,59003,58521,59124,58510,14905,15242,3,30
bcfi,2021-03-31,58549,58221,58549,57873,14278,15995,3,31
bcfi,2021-04-01,58205,57835,58445,57798,12290,16748,4,1
bcfi,2021-04-02,58122,59452,59596,58057,16938,17614,4,2
bcfi,2021-04-06,58968,59465,59936,58968,11950,18196,4,6
bcfi,2021-04-07,59501,59337,59897,59247,16095,18632,4,7
bcfi,2021-04-08,59165,59324,59567,58867,20204,18478,4,8
bcfi,2021-04-09,59133,59229,59679,59111,14755,18735,4,9
bcfi,2021-04-12,59296,58387,59409,58336,19266,19001,4,12
bcfi,2021-04-13,58555,58557,58760,58340,15847,19456,4,13
bcfi,2021-04-14,58930,58869,59007,58646,12133,19464,4,14
bcfi,2021-04-15,59166,60372,60474,59166,25217,19952,4,15
bcfi,2021-04-16,60539,61064,61847,60539,29517,18095,4,16
bcfi,2021-04-19,61463,62039,62145,60420,25788,18401,4,19
bcfi,2021-04-20,61853,61791,62093,61445,20398,18160,4,20
bcfi,2021-04-21,61612,61150,61909,60946,15724,17796,4,21
bcfi,2021-04-22,61353,61542,61962,61214,19442,17680,4,22
bcfi,2021-04-23,61714,61864,62133,61384,21828,17533,4,23
bcfi,2021-04-26,62109,63279,64048,61971,26362,17011,4,26
bcfi,2021-04-27,63089,64648,64962,63062,22652,19529,4,27
bcfi,2021-04-28,64408,63700,64482,63410,22839,20472,4,28
bcfi,2021-04-29,63886,64777,65069,63841,21113,21400,4,29
bcfi,2021-04-30,64750,64444,65217,63693,20502,21574,4,30
bcfi,2021-05-06,64599,65586,65660,64431,11651,21807,5,6
bcfi,2021-05-07,65766,66614,66733,65587,20795,23492,5,7
bcfi,2021-05-10,67055,68996,69442,67016,32467,23679,5,10
bcfi,2021-05-11,68573,67640,68771,66702,30847,23430,5,11
bcfi,2021-05-12,67609,68504,68528,67381,27551,23904,5,12
bcfi,2021-05-13,67975,67777,68225,67202,35818,24148,5,13
bcfi,2021-05-14,67419,66584,67563,65824,30399,23872,5,14
bcfi,2021-05-17,66429,66771,67062,63869,25154,23696,5,17
bcfi,2021-05-18,66700,67927,67969,66540,19331,20799,5,18
bcfi,2021-05-19,67538,66199,67723,66126,18998,20873,5,19
bcfi,2021-05-20,65844,65613,65844,64553,34078,20673,5,20
bcfi,2021-05-21,65452,64128,65509,63978,26533,20141,5,21
bcfi,2021-05-24,64614,63649,64862,63232,26207,20274,5,24
bcfi,2021-05-25,63947,64313,64866,63922,16086,19067,5,25
bcfi,2021-05-26,64168,63924,64339,63772,13363,18921,5,26
bcfi,2021-05-27,64006,64130,64346,63365,14445,19868,5,27
bcfi,2021-05-28,63996,65233,65812,63966,16578,21009,5,28
bcfi,2021-05-31,65196,65521,66232,64963,13512,21300,5,31
bcfi,2021-06-01,65877,65985,66171,65692,13846,21884,6,1
bcfi,2021-06-02,65899,65643,66373,65570,17472,22553,6,2
bcfi,2021-06-03,65461,65189,65523,64898,20213,22407,6,3
bcfi,2021-06-04,64135,63706,64318,63448,25870,22559,6,4
bcfi,2021-06-07,64043,63890,64365,63778,14446,22223,6,7
bcfi,2021-06-08,63962,63926,64192,63716,18942,21932,6,8
bcfi,2021-06-09,63904,64078,64622,63545,23581,21237,6,9
bcfi,2021-06-10,64016,63532,64300,63382,13900,20881,6,10
bcfi,2021-06-11,63526,63715,63762,63101,21331,20851,6,11
bcfi,2021-06-15,63509,62688,63520,62242,17796,21698,6,15
bcfi,2021-06-16,61930,60994,61930,60978,19854,16880,6,16
bcfi,2021-06-17,61611,61297,62179,60920,21820,16619,6,17
bcfi,2021-06-18,61255,59877,61319,59575,25954,16938,6,18
bcfi,2021-06-21,60018,59132,60115,59110,26148,16556,6,21
bcfi,2021-06-22,59370,59881,59987,59047,19630,16195,6,22
bcfi,2021-06-23,59677,60930,61007,59642,18940,15585,6,23
bcfi,2021-06-24,60959,60828,61861,60728,18553,15726,6,24
bcfi,2021-06-25,61291,61290,61525,61033,17021,15588,6,25
bcfi,2021-06-28,61241,61161,61316,60621,19876,16049,6,28
bcfi,2021-06-29,61106,60682,61171,60377,12382,16411,6,29
bcfi,2021-06-30,60591,60761,61366,60353,12936,16926,6,30
bcfi,2021-07-01,60943,60790,61683,60746,15369,17159,7,1
bcfi,2021-07-02,60993,60862,61246,60630,14745,17534,7,2
bcfi,2021-07-05,60972,61969,62062,60787,22846,17601,7,5
bcfi,2021-07-06,61514,62415,62488,61514,19431,17473,7,6
bcfi,2021-07-07,62139,61273,62221,60602,28885,17581,7,7
bcfi,2021-07-08,61280,61143,61607,61040,24331,17731,7,8
bcfi,2021-07-09,61027,61221,61344,60751,18927,17635,7,9
bcfi,2021-07-12,60996,61291,61941,60996,22760,17964,7,12
bcfi,2021-07-13,61353,61414,61546,61150,11465,17964,7,13
bcfi,2021-07-14,61041,61173,61264,60762,14315,18233,7,14
bcfi,2021-07-15,61012,60993,61167,60553,16542,18492,7,15
bcfi,2021-07-16,61135,61825,61910,61135,13855,13460,7,16
bcfi,2021-07-19,61720,61214,61862,61141,14511,13201,7,19
bcfi,2021-07-20,60897,60629,60897,60009,21221,13311,7,20
bcfi,2021-07-21,60393,60509,61097,60317,16149,13489,7,21
bcfi,2021-07-22,60724,61408,61480,60679,14408,13367,7,22
bcfi,2021-07-23,61286,62075,62317,61212,18829,13126,7,23
bcfi,2021-07-26,62078,63138,63305,62054,20308,13123,7,26
bcfi,2021-07-27,63282,64248,64992,63228,25895,13041,7,27
bcfi,2021-07-28,64467,64251,64789,64135,27704,14130,7,28
bcfi,2021-07-29,64393,63849,64393,63596,20389,13382,7,29
bcfi,2021-07-30,63832,63765,64187,63296,21161,12417,7,30
bcfi,2021-08-02,63751,63759,64205,63180,27466,12598,8,2
bcfi,2021-08-03,63834,62822,63927,62822,15787,12587,8,3
bcfi,2021-08-04,62410,62655,62806,62214,19728,12380,8,4
bcfi,2021-08-05,62322,62050,62481,62050,16356,12277,8,5
bcfi,2021-08-06,62125,62080,62338,61585,12524,12342,8,6
bcfi,2021-08-09,61870,61443,62149,61320,18110,11995,8,9
bcfi,2021-08-10,60930,61493,61616,60917,14619,12016,8,10
bcfi,2021-08-11,61342,61651,62017,61342,17707,11851,8,11
bcfi,2021-08-12,61737,62076,62216,61696,13459,11838,8,12
bcfi,2021-08-13,61985,62169,62230,61508,13022,12063,8,13
bcfi,2021-08-16,62162,61936,62758,61916,17786,12702,8,16
bcfi,2021-08-17,62132,61910,62240,61748,13598,9587,8,17
bcfi,2021-08-18,61140,60933,61428,60741,19219,9295,8,18
bcfi,2021-08-19,60523,58994,60523,57978,30694,9479,8,19
bcfi,2021-08-20,58437,59300,59649,58264,28925,10080,8,20
bcfi,2021-08-23,58924,59862,60332,58924,19321,9889,8,23
bcfi,2021-08-24,60453,60721,60982,60438,21487,9628,8,24
bcfi,2021-08-25,61117,61292,61750,61092,14167,9494,8,25
bcfi,2021-08-26,61629,61021,61765,60921,17496,7319,8,26
bcfi,2021-08-27,61320,61254,61436,60945,15372,7906,8,27
bcfi,2021-08-30,61422,62311,62398,61364,20753,8775,8,30
bcfi,2021-08-31,62496,62280,62737,62058,16909,9420,8,31
bcfi,2021-09-01,62355,61397,62451,61349,19572,10037,9,1
bcfi,2021-09-02,61654,61408,61654,61011,15573,10332,9,2
bcfi,2021-09-03,61134,61504,61823,61134,15117,10262,9,3
bcfi,2021-09-06,61583,61763,61987,61423,15291,10387,9,6
bcfi,2021-09-07,61730,61454,61963,61294,9512,10333,9,7
bcfi,2021-09-08,61562,61093,61638,61093,11988,10272,9,8
bcfi,2021-09-09,61180,61512,61729,60665,19060,10972,9,9
bcfi,2021-09-10,61315,62121,62212,61239,17772,10456,9,10
bcfi,2021-09-13,62497,63480,63833,62317,29155,10954,9,13
bcfi,2021-09-14,63470,62104,63713,62024,21203,10517,9,14
bcfi,2021-09-15,62277,61886,62357,61617,20292,10411,9,15
bcfi,2021-09-16,62027,61933,62986,61853,19718,9401,9,16
bcfi,2021-09-17,61797,61449,62036,61301,17331,9309,9,17
bcfi,2021-09-22,60233,60737,61127,59920,14496,8857,9,22
bcfi,2021-09-23,60920,60626,61226,60500,18278,8475,9,23
bcfi,2021-09-24,60840,61125,61343,60543,20283,8481,9,24
bcfi,2021-09-27,60989,61363,61762,60900,18408,8039,9,27
bcfi,2021-09-28,61359,61339,61639,61189,13705,9044,9,28
bcfi,2021-09-29,61378,60681,61602,60581,24772,8869,9,29
bcfi,2021-09-30,60344,60077,60918,60044,18986,8835,9,30
bcfi,2021-10-08,60687,61022,61580,60548,11601,9389,10,8
bcfi,2021-10-11,61208,62080,62124,61091,26266,10571,10,11
bcfi,2021-10-12,61826,61751,62866,61488,27720,10075,10,12
bcfi,2021-10-13,62328,62209,62733,61712,30464,10083,10,13
bcfi,2021-10-14,62532,64582,65463,62532,44910,13173,10,14
bcfi,2021-10-15,64853,65989,66286,64819,41511,14083,10,15
bcfi,2021-10-18,67073,68091,69524,66777,49779,14044,10,18
bcfi,2021-10-19,67526,67658,67993,66481,39321,14403,10,19
bcfi,2021-10-20,67293,65550,67319,64716,43154,15510,10,20
bcfi,2021-10-21,65686,65121,66970,64847,37252,16020,10,21
bcfi,2021-10-22,65669,64719,65711,63993,36346,16069,10,22
bcfi,2021-10-25,64266,64299,64653,63302,33382,15073,10,25
bcfi,2021-10-26,64002,64075,64527,63766,22468,13006,10,26
bcfi,2021-10-27,64095,62506,64201,62506,22419,12753,10,27
bcfi,2021-10-28,62655,63128,63414,61888,27824,13009,10,28
bcfi,2021-10-29,62504,62422,63181,62166,19650,13398,10,29
bcfi,2021-11-01,62278,62106,62703,61792,21058,12997,11,1
bcfi,2021-11-02,62259,61602,62857,61481,20538,12744,11,2
bcfi,2021-11-03,62038,63063,63172,61774,22859,12784,11,3
bcfi,2021-11-04,62556,62034,62907,61560,20766,13021,11,4
bcfi,2021-11-05,62248,61551,62382,60880,20809,13011,11,5
bcfi,2021-11-08,61420,61960,62326,61242,17822,12773,11,8
bcfi,2021-11-09,61909,62452,62663,61830,17420,12834,11,9
bcfi,2021-11-10,62620,62170,62872,61753,21207,13133,11,10
bcfi,2021-11-11,62171,62292,62662,61759,19897,12841,11,11
bcfi,2021-11-12,62565,62459,63011,62405,21115,12798,11,12
bcfi,2021-11-15,62415,62694,63255,62395,16263,12789,11,15
bcfi,2021-11-16,62859,62288,63093,62191,12311,13142,11,16
bcfi,2021-11-17,62596,62020,62666,61772,16132,12731,11,17
bcfi,2021-11-18,61896,60708,61919,60595,18220,13315,11,18
bcfi,2021-11-19,61110,62777,62848,60555,25637,13584,11,19
bcfi,2021-11-22,62345,62401,63091,62275,18203,13266,11,22
bcfi,2021-11-23,62612,63036,63605,62411,17800,13150,11,23
bcfi,2021-11-24,63377,63488,63750,63153,12505,13226,11,24
bcfi,2021-11-25,63733,64239,64488,63733,13613,12615,11,25
bcfi,2021-11-26,64341,62884,64384,62817,20076,10719,11,26
bcfi,2021-11-29,62352,62442,62624,61748,18890,10371,11,29
bcfi,2021-11-30,62428,61717,62751,61496,16045,10350,11,30
bcfi,2021-12-01,62026,61794,62127,61370,18638,10346,12,1
bcfi,2021-12-02,61760,60899,61789,60696,20368,10847,12,2
bcfi,2021-12-03,61045,61595,61900,60895,19923,10635,12,3
bcfi,2021-12-06,61415,61213,61839,61027,18089,10786,12,6
bcfi,2021-12-07,61389,61610,61842,61389,12331,10348,12,7
bcfi,2021-12-08,61902,61681,62222,61553,15357,10105,12,8
bcfi,2021-12-09,61670,61860,62166,61459,15997,10220,12,9
bcfi,2021-12-10,61602,61654,61735,61364,11040,10044,12,10
bcfi,2021-12-13,61594,61726,61767,61418,9423,9940,12,13
bcfi,2021-12-14,61435,61053,61516,60704,13727,10252,12,14
bcfi,2021-12-15,61249,60274,61249,60216,15075,10686,12,15
bcfi,2021-12-16,59606,60662,60858,59273,22730,10290,12,16
bcfi,2021-12-17,61164,61486,61700,61156,18431,9586,12,17
bcfi,2021-12-20,61503,60825,61582,60725,15376,9145,12,20
bcfi,2021-12-21,61200,61398,61582,60941,13156,8854,12,21
bcfi,2021-12-22,61302,61988,62058,61302,12347,8909,12,22
bcfi,2021-12-23,62317,62498,62557,62090,13191,8982,12,23
bcfi,2021-12-24,62113,62100,62435,61830,11119,8546,12,24
bcfi,2021-12-27,61929,61952,62310,61866,8789,8577,12,27
bcfi,2021-12-28,62164,62890,63193,62084,14831,10437,12,28
bcfi,2021-12-29,63168,62630,63431,62301,13646,11066,12,29
bcfi,2021-12-30,62566,62553,62824,62381,12503,11423,12,30
bcfi,2021-12-31,62738,62680,62926,62244,11292,11207,12,31
bcfi,2022-01-04,62790,62192,62790,62082,8643,11102,1,4
bcfi,2022-01-05,62297,62674,63190,62173,16023,11785,1,5
bcfi,2022-01-06,62770,62039,62929,61987,11675,11501,1,6
bcfi,2022-01-07,62130,61927,62130,61441,14354,11494,1,7
bcfi,2022-01-10,61899,62262,62401,61852,12167,11954,1,10
bcfi,2022-01-11,62279,62203,62383,61580,13575,12241,1,11
bcfi,2022-01-12,61966,63395,63532,61966,17548,12744,1,12
bcfi,2022-01-13,63744,63782,64840,63634,24669,14356,1,13
bcfi,2022-01-14,64232,63785,64357,63425,20325,14947,1,14
bcfi,2022-01-17,63790,62504,63790,62227,19312,15023,1,17
bcfi,2022-01-18,61927,62346,62554,61927,9263,14157,1,18
bcfi,2022-01-19,62232,62251,62498,61988,14375,13977,1,19
bcfi,2022-01-20,62327,63360,63452,62327,13048,14051,1,20
bcfi,2022-01-21,63386,63480,63998,63073,12359,13951,1,21
bcfi,2022-01-24,63600,62820,64149,62704,15759,14257,1,24
bcfi,2022-01-25,63521,61861,63521,61834,17986,14021,1,25
bcfi,2022-01-26,61879,62860,62970,61769,22821,13343,1,26
bcfi,2022-01-27,62683,62187,63417,62145,18548,14465,1,27
bcfi,2022-01-28,62778,62647,63241,62456,18864,15018,1,28
bcfi,2022-02-07,62857,62863,63337,62695,7947,15567,2,7
bcfi,2022-02-08,63001,62930,63073,62586,15695,16954,2,8
bcfi,2022-02-09,62874,62781,62921,62242,18457,18709,2,9
bcfi,2022-02-10,62883,65003,65024,62833,26786,20134,2,10
bcfi,2022-02-11,65406,63899,65843,63650,35868,19843,2,11
bcfi,2022-02-14,64478,63651,64478,63254,20263,19619,2,14
bcfi,2022-02-15,63520,63378,63631,62929,15332,19763,2,15
bcfi,2022-02-16,63657,63829,63870,63343,16352,18949,2,16
bcfi,2022-02-17,64012,63500,64012,63387,16080,18898,2,17
bcfi,2022-02-18,63475,64114,64254,63446,18911,19336,2,18
bcfi,2022-02-21,63811,63699,64104,63482,16192,19154,2,21
bcfi,2022-02-22,63418,63253,63516,63228,12753,18821,2,22
bcfi,2022-02-23,63525,63514,63625,63296,15185,17549,2,23
bcfi,2022-02-24,63464,62991,63477,62718,28890,16864,2,24
bcfi,2022-02-25,63081,63043,63571,62730,23510,17941,2,25
bcfi,2022-02-28,62833,63067,63186,62660,17196,18227,2,28
bcfi,2022-03-01,63072,63213,63258,62828,17677,18892,3,1
bcfi,2022-03-02,63376,63641,63868,63270,26547,19064,3,2
bcfi,2022-03-03,64942,65813,65919,64193,45526,22700,3,3
bcfi,2022-03-04,65533,66538,66706,65275,44254,25878,3,4
bcfi,2022-03-07,66281,68058,68180,65717,39108,27226,3,7
bcfi,2022-03-08,67975,66791,68649,64488,40889,25643,3,8
bcfi,2022-03-09,64396,65217,65593,64396,32394,23891,3,9
bcfi,2022-03-10,64551,64237,64731,63894,20201,22267,3,10
bcfi,2022-03-11,64639,64380,64741,64091,16682,21750,3,11
bcfi,2022-03-14,64437,64098,64678,64022,15037,21614,3,14
bcfi,2022-03-15,63768,63374,63818,63338,22499,20743,3,15
bcfi,2022-03-16,63244,64180,64658,63178,19617,18310,3,16
bcfi,2022-03-17,64573,64639,64920,64227,16495,18368,3,17
bcfi,2022-03-18,64534,65322,65806,64534,20093,19445,3,18
bcfi,2022-03-21,65371,65352,66271,65119,19417,20117,3,21
bcfi,2022-03-22,65463,65523,65823,65277,11954,20253,3,22
bcfi,2022-03-23,65983,65712,66100,65376,16114,20475,3,23
bcfi,2022-03-24,65800,66537,66825,65800,18755,22309,3,24
bcfi,2022-03-25,66550,66253,67023,66161,17065,22748,3,25
bcfi,2022-03-28,66081,65475,66118,65360,19810,23179,3,28
bcfi,2022-03-29,65631,66169,66514,65631,19168,24300,3,29
bcfi,2022-03-30,66142,66986,67114,65828,17300,25668,3,30
bcfi,2022-03-31,66603,65914,66823,65899,14899,24603,3,31
bcfi,2022-04-01,66120,65715,66396,65007,14039,24812,4,1
bcfi,2022-04-06,66238,66296,66489,66127,6364,25778,4,6
bcfi,2022-04-07,66446,65937,66521,65774,14282,26051,4,7
bcfi,2022-04-08,65874,66253,66286,65719,14702,26157,4,8
bcfi,2022-04-11,66173,65786,66213,65699,15096,26278,4,11
bcfi,2022-04-12,65781,65760,65835,65375,18444,25785,4,12
bcfi,2022-04-13,65668,66307,66564,65668,18721,26470,4,13
bcfi,2022-04-14,65987,66323,66473,65924,15734,26857,4,14
bcfi,2022-04-15,66187,67092,67204,65986,16546,27971,4,15
bcfi,2022-04-18,66981,66805,67342,66728,11404,23586,4,18
bcfi,2022-04-19,66969,67203,67650,66909,18752,23475,4,19
bcfi,2022-04-20,66968,66581,66968,66455,18190,23431,4,20
bcfi,2022-04-21,66324,66487,66823,66324,15050,23330,4,21
bcfi,2022-04-22,66757,67131,67363,66650,17977,22761,4,22
bcfi,2022-04-25,67208,65707,67370,65625,29349,21994,4,25
bcfi,2022-04-26,65910,65349,65931,64767,37226,21016,4,26
bcfi,2022-04-27,64985,65240,65522,64923,35520,20785,4,27
bcfi,2022-04-28,65084,65262,65495,64856,28211,21211,4,28
bcfi,2022-04-29,65109,65508,65667,64866,28950,21491,4,29
bcfi,2022-05-05,64931,64724,65182,64675,16812,21444,5,5
bcfi,2022-05-06,64366,63805,64582,62976,44694,22935,5,6
bcfi,2022-05-09,63794,63316,63853,63301,38446,23736,5,9
bcfi,2022-05-10,63021,63562,63716,62811,39151,24180,5,10
bcfi,2022-05-11,63330,63348,63610,62630,37373,24596,5,11
bcfi,2022-05-12,63231,62662,64303,62644,39742,26483,5,12
bcfi,2022-05-13,62735,62920,62963,61917,31889,26570,5,13
bcfi,2022-05-16,62486,63124,63461,62282,32488,27099,5,16
bcfi,2022-05-17,63103,63512,63649,63091,23019,25218,5,17
bcfi,2022-05-18,63608,63232,63779,63216,21267,24409,5,18
bcfi,2022-05-19,63297,63309,63416,62796,24505,23798,5,19
bcfi,2022-05-20,63445,63783,63935,63401,23842,23137,5,20
bcfi,2022-05-23,63590,63935,64092,63555,25251,22474,5,23
bcfi,2022-05-24,64004,63700,64159,63601,20497,21578,5,24
bcfi,2022-05-25,63576,63767,63892,63409,19330,20296,5,25
bcfi,2022-05-26,63532,63383,63690,63307,21189,18303,5,26
bcfi,2022-05-27,63575,64172,64472,63528,31679,18111,5,27
bcfi,2022-05-30,64207,64338,64473,64090,27007,18248,5,30
bcfi,2022-05-31,64301,64410,64533,64212,16460,18090,5,31
bcfi,2022-06-01,64340,63839,64340,63679,23193,18648,6,1
bcfi,2022-06-02,64205,64414,64506,64028,20025,18242,6,2
bcfi,2022-06-06,64893,65003,65202,64784,18624,19163,6,6
bcfi,2022-06-07,65157,64946,65314,64897,21496,19871,6,7
bcfi,2022-06-08,65005,65181,65369,64802,23812,21033,6,8
bcfi,2022-06-09,65204,65226,65580,65161,20768,21363,6,9
bcfi,2022-06-10,65019,64867,65033,64674,18354,21098,6,10
bcfi,2022-06-13,64760,63890,64766,63793,24745,20100,6,13
bcfi,2022-06-14,63509,63734,63831,63290,21028,19636,6,14
bcfi,2022-06-15,63457,62766,63500,62760,26906,20345,6,15
bcfi,2022-06-16,62603,62438,63057,62409,21725,20196,6,16
bcfi,2022-06-17,61695,61651,61863,61147,25759,20958,6,17
bcfi,2022-06-20,61435,60013,61435,59974,29079,22224,6,20
bcfi,2022-06-21,60267,60092,60619,59671,29515,22367,6,21
bcfi,2022-06-22,60267,59190,60945,59155,28723,23382,6,22
bcfi,2022-06-23,58978,58613,59400,57932,35274,23492,6,23
bcfi,2022-06-24,58119,56185,58138,56164,37261,23219,6,24
bcfi,2022-06-27,55994,56454,57238,54622,45164,21012,6,27
bcfi,2022-06-28,56471,57394,57414,56199,43574,21175,6,28
bcfi,2022-06-29,56858,56145,57389,55735,49289,23452,6,29
bcfi,2022-06-30,56520,56523,57162,56385,30165,23994,6,30
bcfi,2022-07-01,56187,54573,56187,54431,32318,24850,7,1
bcfi,2022-07-04,54631,53756,54773,53756,36932,25097,7,4
bcfi,2022-07-05,54105,53315,54523,53302,32150,25808,7,5
bcfi,2022-07-06,53055,51241,53075,49605,48243,25914,7,6
bcfi,2022-07-07,51667,52046,52766,50884,42380,26037,7,7
bcfi,2022-07-08,52916,52394,53644,52267,33084,25614,7,8
bcfi,2022-07-11,52773,52035,53092,51498,29137,25686,7,11
bcfi,2022-07-12,52239,50883,52239,50856,29727,25748,7,12
bcfi,2022-07-13,50719,49671,50784,49105,39740,26002,7,13
bcfi,2022-07-14,49377,49274,50153,48596,42716,26714,7,14
bcfi,2022-07-15,49318,47573,49318,47551,42518,27318,7,15
bcfi,2022-07-18,47925,49914,49955,47864,41097,26178,7,18
bcfi,2022-07-19,49814,49540,50840,49315,24836,25633,7,19
bcfi,2022-07-20,49647,50296,50743,49103,29476,25747,7,20
bcfi,2022-07-21,50228,49723,50699,49528,25912,25705,7,21
bcfi,2022-07-22,49715,50414,50514,49319,25988,26149,7,22
bcfi,2022-07-25,50118,50576,51250,50118,31825,24955,7,25
bcfi,2022-07-26,50813,52154,52268,50813,36949,23876,7,26
bcfi,2022-07-27,51995,51754,52101,51198,37650,25040,7,27
bcfi,2022-07-28,51548,53153,53160,51398,41385,25258,7,28
bcfi,2022-07-29,52930,53213,53320,52463,41090,26274,7,29
bcfi,2022-08-01,53256,53788,54127,53045,47990,25960,8,1
bcfi,2022-08-02,53940,53280,54081,52390,48760,25874,8,2
bcfi,2022-08-03,53285,52973,53656,52715,42827,25684,8,3
bcfi,2022-08-04,53204,52005,53267,51997,32620,25133,8,4
bcfi,2022-08-05,52564,53461,53651,51947,34600,24101,8,5
bcfi,2022-08-08,53323,54117,54189,53013,31871,23352,8,8
bcfi,2022-08-09,54082,54394,54752,53813,29073,22826,8,9
bcfi,2022-08-10,54502,54212,54894,53989,28945,22214,8,10
bcfi,2022-08-11,54837,55562,55665,54681,31436,21284,8,11
bcfi,2022-08-12,55411,55847,55887,55411,25439,20876,8,12
bcfi,2022-08-15,55597,54545,55597,54377,27803,20471,8,15
bcfi,2022-08-16,54466,55023,55401,53928,30764,19526,8,16
bcfi,2022-08-17,55027,54980,55333,54789,26111,19576,8,17
bcfi,2022-08-18,54851,54253,54869,54248,23237,19509,8,18
bcfi,2022-08-19,55318,55004,55589,54964,26282,20110,8,19
bcfi,2022-08-22,55442,55655,56198,55387,23253,19899,8,22
bcfi,2022-08-23,55602,55806,56033,55320,17748,19606,8,23
bcfi,2022-08-24,55865,56360,56516,55865,17616,19562,8,24
bcfi,2022-08-25,56140,55974,56140,55640,16492,18934,8,25
bcfi,2022-08-26,56036,56853,56905,56036,16081,18994,8,26
bcfi,2022-08-29,56726,55629,57646,55292,26630,18974,8,29
bcfi,2022-08-30,55736,55358,55841,55252,20627,17848,8,30
bcfi,2022-08-31,55043,55114,55463,54927,18161,17457,8,31
bcfi,2022-09-01,54314,54128,54787,53891,21234,18668,9,1
bcfi,2022-09-02,53890,52770,53895,52576,19676,19177,9,2
bcfi,2022-09-05,52911,53427,53496,52707,21346,20256,9,5
bcfi,2022-09-06,53236,54493,54514,53236,13817,20254,9,6
bcfi,2022-09-07,54173,53588,54400,53517,15729,19462,9,7
bcfi,2022-09-08,53850,54032,54297,53614,16642,19324,9,8
bcfi,2022-09-09,54199,55709,55861,54196,20771,19311,9,9
bcfi,2022-09-13,55794,55847,56106,55676,10998,18422,9,13
bcfi,2022-09-14,55827,55125,55827,54970,17221,18637,9,14
bcfi,2022-09-15,55202,54927,55437,54780,17841,19166,9,15
bcfi,2022-09-16,54851,54645,55098,54562,15381,16872,9,16
bcfi,2022-09-19,54798,55092,55723,54716,20297,16631,9,19
bcfi,2022-09-20,55058,55416,55712,54770,13166,16757,9,20
bcfi,2022-09-21,55287,55618,55730,55116,12614,16648,9,21
bcfi,2022-09-22,55296,55257,55644,54794,17435,15881,9,22
bcfi,2022-09-23,55673,54887,55755,54887,14066,15010,9,23
bcfi,2022-09-26,53852,53260,54208,53240,25101,14266,9,26
bcfi,2022-09-27,53463,53611,54021,53316,24751,15512,9,27
bcfi,2022-09-28,53733,52962,53850,52921,23793,16818,9,28
bcfi,2022-09-29,53405,53762,54124,53285,24192,17577,9,29
bcfi,2022-09-30,54148,54245,54375,53828,20301,17727,9,30
bcfi,2022-10-10,54059,53999,54436,53885,12287,17953,10,10
bcfi,2022-10-11,54457,54912,55158,54457,23346,18349,10,11
bcfi,2022-10-12,55029,55143,55185,54553,18002,18387,10,12
bcfi,2022-10-13,54853,54757,55059,54694,14510,18479,10,13
bcfi,2022-10-14,54535,55883,55974,54399,26346,19754,10,14
bcfi,2022-10-17,55726,55427,55885,55211,19218,19018,10,17
bcfi,2022-10-18,55582,55176,55673,54979,17171,16599,10,18
bcfi,2022-10-19,55123,54560,55128,54383,15425,16074,10,19
bcfi,2022-10-20,54642,54483,54853,54298,18035,16725,10,20
bcfi,2022-10-21,54879,55242,55648,54866,22891,18812,10,21
bcfi,2022-10-24,55196,56203,56631,55155,30584,18856,10,24
bcfi,2022-10-25,56021,56293,56354,55985,24841,18056,10,25
bcfi,2022-10-26,55840,55976,56435,55727,18352,17339,10,26
bcfi,2022-10-27,56537,56506,56737,56281,35453,20506,10,27
bcfi,2022-10-28,56598,55893,57117,55845,29190,21895,10,28
bcfi,2022-10-31,55877,55051,56090,54839,27696,22296,10,31
bcfi,2022-11-01,54946,56155,56254,54808,20826,23096,11,1
bcfi,2022-11-02,56406,56550,56732,55958,18577,24502,11,2
bcfi,2022-11-03,56252,56346,56568,56172,12706,24630,11,3
bcfi,2022-11-04,55991,57080,57252,55762,26084,25719,11,4
bcfi,2022-11-07,57789,58364,59125,57698,28779,26441,11,7
bcfi,2022-11-08,58267,58346,58451,57666,20114,26033,11,8
bcfi,2022-11-09,58344,59278,59442,58298,18790,26339,11,9
bcfi,2022-11-10,58954,59543,59972,58863,19454,26718,11,10
bcfi,2022-11-11,59363,60525,61181,59281,26634,27077,11,11
bcfi,2022-11-14,60500,59832,61106,59505,26009,26674,11,14
bcfi,2022-11-15,59795,59948,60054,59364,14750,26973,11,15
bcfi,2022-11-16,59697,59509,59946,59166,12060,26526,11,16
bcfi,2022-11-17,59380,59265,59532,58795,13904,26083,11,17
bcfi,2022-11-18,59099,58558,59146,58500,12678,26338,11,18
bcfi,2022-11-21,58488,57843,58488,57549,16366,26107,11,21
bcfi,2022-11-22,57462,57206,57662,57065,12461,25155,11,22
bcfi,2022-11-23,57489,57747,58164,57469,16423,24493,11,23
bcfi,2022-11-24,57586,57945,58140,57506,18529,23448,11,24
bcfi,2022-11-25,57845,58050,58142,57727,16403,22294,11,25
bcfi,2022-11-28,58318,57128,58447,56929,24129,20413,11,28
bcfi,2022-11-29,57549,58119,58376,57429,20737,20758,11,29
bcfi,2022-11-30,57996,57691,58187,57603,16485,20818,11,30
bcfi,2022-12-01,58294,58983,59003,58086,23303,20332,12,1
bcfi,2022-12-02,58760,59387,59406,58594,16820,21343,12,2
bcfi,2022-12-05,59199,59322,59837,58722,18629,21753,12,5
bcfi,2022-12-06,59368,58724,59368,58641,14224,21883,12,6
bcfi,2022-12-07,58750,58516,59423,58399,21345,22591,12,7
bcfi,2022-12-08,58737,59400,59574,58620,16413,23053,12,8
bcfi,2022-12-09,59487,60151,60168,59487,15566,24204,12,9
bcfi,2022-12-12,59726,58992,59760,58936,16144,23823,12,12
bcfi,2022-12-13,58971,59090,59172,58565,13050,23815,12,13
bcfi,2022-12-14,59135,59532,60013,59135,20474,25031,12,14
bcfi,2022-12-15,59320,58921,59394,58821,16186,24757,12,15
bcfi,2022-12-16,59009,58349,59087,57257,20991,23684,12,16
bcfi,2022-12-19,58066,58180,58949,57954,19762,23635,12,19
bcfi,2022-12-20,58398,58000,58651,57549,26839,25287,12,20
bcfi,2022-12-21,58063,58743,58830,58032,18384,24750,12,21
bcfi,2022-12-22,58608,58833,59282,58568,16336,24540,12,22
bcfi,2022-12-23,58876,58347,58876,58248,23322,23173,12,23
bcfi,2022-12-26,58391,58963,59123,58288,11414,21563,12,26
bcfi,2022-12-27,58995,59454,59574,58930,9397,21836,12,27
bcfi,2022-12-28,59853,59333,59853,59139,11694,22742,12,28
bcfi,2022-12-29,59364,59248,59396,59072,8471,23420,12,29
bcfi,2022-12-30,58965,59146,59153,58686,8517,23078,12,30
bcfi,2023-01-03,59090,58559,59090,58187,10140,23234,1,3
bcfi,2023-01-04,58308,57522,58546,57480,14641,24776,1,4
bcfi,2023-01-05,57082,57011,57317,56779,15152,26466,1,5
bcfi,2023-01-06,57575,58053,58149,57575,16638,26161,1,6
bcfi,2023-01-09,57769,58869,59041,57572,20330,27103,1,9
bcfi,2023-01-10,58769,59353,59499,58769,13369,28790,1,10
bcfi,2023-01-11,59368,60676,60752,59368,17557,32111,1,11
bcfi,2023-01-12,60745,61297,61623,60624,17059,33250,1,12
bcfi,2023-01-13,61338,61259,61894,61128,17016,34589,1,13
bcfi,2023-01-16,61325,61304,61487,60864,11237,35049,1,16
bcfi,2023-01-17,61585,61181,61727,61181,11408,32454,1,17
bcfi,2023-01-18,61550,63002,63121,61544,18060,32763,1,18
bcfi,2023-01-19,62961,62387,64018,62052,20562,31194,1,19
bcfi,2023-01-20,62295,63138,63210,62156,17126,31360,1,20
bcfi,2023-01-30,62919,61894,62919,61892,14497,30507,1,30
bcfi,2023-01-31,62186,61782,62336,61745,16964,31136,1,31
bcfi,2023-02-01,61683,62301,62548,61636,15786,32315,2,1
bcfi,2023-02-02,62176,61643,62180,61457,17028,32181,2,2
bcfi,2023-02-03,61627,61497,61925,61118,17426,32802,2,3
bcfi,2023-02-06,61412,61046,61571,60907,17005,32816,2,6
bcfi,2023-02-07,60994,61024,61041,60480,14350,33131,2,7
bcfi,2023-02-08,60770,61293,61363,60562,10599,33478,2,8
bcfi,2023-02-09,61181,61357,61466,60776,12294,33584,2,9
bcfi,2023-02-10,61331,61162,61566,60915,14903,33989,2,10
bcfi,2023-02-13,61162,60896,61206,60618,11762,34030,2,13
bcfi,2023-02-14,60958,61329,61407,60939,10159,34106,2,14
bcfi,2023-02-15,61339,61302,61753,61052,16700,34558,2,15
bcfi,2023-02-16,61130,61142,61275,60464,13867,29504,2,16
bcfi,2023-02-17,61171,61520,61988,61170,16961,29545,2,17
bcfi,2023-02-20,61534,61948,61963,61239,14654,30229,2,20
bcfi,2023-02-21,61877,62681,62687,61877,13848,30474,2,21
bcfi,2023-02-22,62532,62726,63222,62522,18775,31141,2,22
bcfi,2023-02-23,62835,62487,62903,62411,16197,31801,2,23
bcfi,2023-02-24,62677,62084,62717,61662,24510,32877,2,24
bcfi,2023-02-27,61608,60823,61816,60794,23377,30670,2,27
bcfi,2023-02-28,61128,61557,61579,60985,11452,30661,2,28
bcfi,2023-03-01,61561,62446,62470,61509,14347,32557,3,1
bcfi,2023-03-02,62402,62205,62529,62153,17679,33141,3,2
bcfi,2023-03-03,61761,62221,62224,61542,16036,33768,3,3
bcfi,2023-03-06,62019,61778,62203,61709,13544,34092,3,6
bcfi,2023-03-07,61628,62010,62358,61487,13120,35057,3,7
bcfi,2023-03-08,61875,61356,61875,61230,19639,35561,3,8
bcfi,2023-03-09,61439,61672,62061,61404,21142,35200,3,9
bcfi,2023-03-10,61730,61255,61981,61235,12862,35414,3,10
bcfi,2023-03-13,61360,61551,61653,60993,22876,36033,3,13
bcfi,2023-03-14,60517,60929,61331,60141,22663,36204,3,14
bcfi,2023-03-15,61040,60970,61391,60886,12619,36292,3,15
bcfi,2023-03-16,59666,58868,60029,58770,25757,32422,3,16
bcfi,2023-03-17,59156,59429,59603,58521,19329,32867,3,17
bcfi,2023-03-20,59230,59050,59909,58995,15838,33217,3,20
bcfi,2023-03-21,59722,59890,60046,59580,13950,33481,3,21
bcfi,2023-03-22,60420,60414,60679,60243,15832,33980,3,22
bcfi,2023-03-23,60548,60803,61148,60548,18543,34178,3,23
bcfi,2023-03-24,60802,62041,62131,60782,24249,35115,3,24
bcfi,2023-03-27,61297,61494,61657,61210,25278,33105,3,27
bcfi,2023-03-28,61493,61680,62051,61323,26534,33622,3,28
bcfi,2023-03-29,61446,61652,61955,61440,22743,33700,3,29
bcfi,2023-03-30,61974,61958,62261,61763,23342,33482,3,30
bcfi,2023-03-31,62041,61725,62101,61420,21162,33759,3,31
bcfi,2023-04-03,61390,61474,62050,61390,20192,33299,4,3
bcfi,2023-04-04,61685,61333,61837,61185,19399,33374,4,4
bcfi,2023-04-06,60927,60879,61042,60772,11082,32818,4,6
bcfi,2023-04-07,60697,61278,61278,60474,16913,33266,4,7
bcfi,2023-04-10,61044,60972,61226,60833,14951,34144,4,10
bcfi,2023-04-11,60605,61074,61222,60508,19502,33933,4,11
bcfi,2023-04-12,60927,61024,61485,60918,20006,34398,4,12
bcfi,2023-04-13,61088,61371,61604,60997,24994,35685,4,13
bcfi,2023-04-14,62057,62198,62483,61993,27041,37082,4,14
bcfi,2023-04-17,62470,62337,62787,61835,32794,37971,4,17
bcfi,2023-04-18,62081,62000,62132,61622,24035,36535,4,18
bcfi,2023-04-19,61864,61685,62150,61553,25283,36563,4,19
bcfi,2023-04-20,61554,61595,61914,61480,22454,35769,4,20
bcfi,2023-04-21,61478,61015,61602,60877,29072,35759,4,21
bcfi,2023-04-24,61040,60454,61081,60439,26944,36391,4,24
bcfi,2023-04-25,60433,60392,60877,60261,34866,38132,4,25
bcfi,2023-04-26,59301,60009,60009,59089,37721,36024,4,26
bcfi,2023-04-27,59459,58906,59592,58635,32491,38280,4,27
bcfi,2023-04-28,58824,59639,59775,58527,31466,36520,4,28
bcfi,2023-05-04,59137,59239,59528,59015,15172,37980,5,4
bcfi,2023-05-05,59066,59165,59411,58609,26138,38991,5,5
bcfi,2023-05-08,58878,59757,59769,58865,22296,39692,5,8
bcfi,2023-05-09,59812,59436,60043,59436,22076,40495,5,9
bcfi,2023-05-10,59537,59611,59855,59422,20145,40823,5,10
bcfi,2023-05-11,59442,57836,59442,57823,31511,43745,5,11
bcfi,2023-05-12,57472,57175,57538,56662,40752,45151,5,12
bcfi,2023-05-15,57360,57446,57740,56962,28579,45748,5,15
bcfi,2023-05-16,57628,56936,57823,56776,23112,46482,5,16
bcfi,2023-05-17,56690,57054,57167,56587,22961,47753,5,17
bcfi,2023-05-18,57480,58211,58388,57480,25610,48032,5,18
bcfi,2023-05-19,57933,58073,58073,57468,24392,49372,5,19
bcfi,2023-05-22,58327,57440,58435,57195,26769,50704,5,22
bcfi,2023-05-23,57572,56940,57816,56891,23971,51978,5,23
bcfi,2023-05-24,57093,56536,57163,56352,30246,53175,5,24
bcfi,2023-05-25,56379,56208,56515,55549,37098,56517,5,25
bcfi,2023-05-26,56414,57140,57186,56121,44332,44413,5,26
bcfi,2023-05-29,56873,57687,57796,56846,29935,44756,5,29
bcfi,2023-05-30,57718,57373,57841,57015,25480,46794,5,30
bcfi,2023-05-31,57547,57509,57579,57127,26938,47238,5,31
bcfi,2023-06-01,57258,58244,58311,57165,28387,48480,6,1
bcfi,2023-06-02,57973,58728,58837,57963,26295,48899,6,2
bcfi,2023-06-05,58766,58263,59032,58109,27245,48628,6,5
bcfi,2023-06-06,58662,58918,59325,58581,36264,46716,6,6
bcfi,2023-06-07,59004,59119,59476,58828,29333,45712,6,7
bcfi,2023-06-08,59302,59187,59672,58988,31794,45371,6,8
bcfi,2023-06-09,59281,59635,59639,59182,26704,44726,6,9
bcfi,2023-06-12,59896,59358,60119,59291,27826,45113,6,12
bcfi,2023-06-13,59271,59884,59999,59175,32682,45953,6,13
bcfi,2023-06-14,60336,60229,60562,60123,39406,47673,6,14
bcfi,2023-06-15,60479,60271,60672,60201,31378,47735,6,15
bcfi,2023-06-16,60712,60984,61100,60599,53443,46675,6,16
bcfi,2023-06-19,60952,60816,61122,60634,43589,46400,6,19
bcfi,2023-06-20,60876,60892,61057,60655,47399,48023,6,20
bcfi,2023-06-21,61127,61087,61533,60970,77443,49269,6,21
bcfi,2023-06-26,60572,60652,60919,60351,34815,47931,6,26
bcfi,2023-06-27,60571,60668,60864,60239,35804,50549,6,27
bcfi,2023-06-28,60373,60163,60436,60076,35512,53259,6,28
bcfi,2023-06-29,59856,59694,59916,59634,33552,54291,6,29
bcfi,2023-06-30,59418,59730,59955,59220,40358,55008,6,30
bcfi,2023-07-03,59685,60584,60826,59685,31168,57317,7,3
bcfi,2023-07-04,60593,60472,60768,60326,25002,56017,7,4
bcfi,2023-07-05,60305,60129,60425,60118,21174,56679,7,5
bcfi,2023-07-06,60083,60196,60542,60005,26704,57897,7,6
bcfi,2023-07-07,60101,59941,60334,59903,29102,58360,7,7
bcfi,2023-07-10,60121,60062,60485,59974,29680,58964,7,10
bcfi,2023-07-11,60036,60482,60630,60007,29319,59373,7,11
bcfi,2023-07-12,60160,60067,60229,59883,31166,59590,7,12
bcfi,2023-07-13,60350,60875,60997,60338,31630,60898,7,13
bcfi,2023-07-14,61125,61512,61955,61125,35057,62116,7,14
bcfi,2023-07-17,61656,61040,61758,61009,26853,61243,7,17
bcfi,2023-07-18,60675,60779,60906,60426,30470,62052,7,18
bcfi,2023-07-19,60573,60992,61032,60490,26821,63014,7,19
bcfi,2023-07-20,60751,60773,60978,60600,27680,65290,7,20
bcfi,2023-07-21,61054,61036,61235,60657,29017,67065,7,21
bcfi,2023-07-24,60856,60517,60856,60477,29574,69817,7,24
bcfi,2023-07-25,60376,61350,61449,60368,34233,73438,7,25
bcfi,2023-07-26,61589,61517,61814,61376,41659,66669,7,26
bcfi,2023-07-27,61376,61443,61851,61245,28076,66306,7,27
bcfi,2023-07-28,61351,61452,61464,61053,29983,65372,7,28
bcfi,2023-07-31,61570,61826,62118,61561,32724,65982,7,31
bcfi,2023-08-01,62423,62794,63106,62264,37044,66560,8,1
bcfi,2023-08-02,62513,61710,62513,61663,37072,64502,8,2
bcfi,2023-08-03,61483,61144,61531,61098,30047,62448,8,3
bcfi,2023-08-04,61182,61552,61899,61091,30143,62160,8,4
bcfi,2023-08-07,61317,61329,61404,61066,25912,60638,8,7
bcfi,2023-08-08,61470,61005,61500,60984,29138,59296,8,8
bcfi,2023-08-09,59936,60890,60974,59936,29401,57309,8,9
bcfi,2023-08-10,60752,60788,60986,60569,25354,55040,8,10
bcfi,2023-08-11,61009,60339,61017,60339,29188,52757,8,11
bcfi,2023-08-14,60072,60093,60364,60025,30001,51880,8,14
bcfi,2023-08-15,60201,60627,60769,60119,26582,51226,8,15
bcfi,2023-08-16,60222,59636,60299,59636,29791,50627,8,16
bcfi,2023-08-17,59686,60014,60141,59610,29428,48492,8,17
bcfi,2023-08-18,60323,60040,60548,60023,26239,46803,8,18
bcfi,2023-08-21,60257,60587,60778,60061,27256,45195,8,21
bcfi,2023-08-22,60650,60774,60947,60459,24758,44294,8,22
bcfi,2023-08-23,60756,61318,61425,60756,25932,43083,8,23
bcfi,2023-08-24,61345,61234,61626,61210,27351,43283,8,24
bcfi,2023-08-25,61156,61219,61336,60978,25676,44045,8,25
bcfi,2023-08-28,61315,61152,61624,60894,36750,35800,8,28
bcfi,2023-08-29,61216,61433,61544,61159,21803,39107,8,29
bcfi,2023-08-30,61331,61588,61742,61239,20737,41893,8,30
bcfi,2023-08-31,61836,61648,61883,61522,18772,44180,8,31
bcfi,2023-09-01,61636,61898,61937,61366,21016,46002,9,1
bcfi,2023-09-04,62297,61505,62393,61194,26372,47581,9,4
bcfi,2023-09-05,61485,61335,61722,61293,18061,48237,9,5
bcfi,2023-09-06,61642,61727,61983,61591,20787,49186,9,6
bcfi,2023-09-07,61508,61409,61620,61135,28227,48208,9,7
bcfi,2023-09-08,61160,60978,61219,60896,27622,48140,9,8
bcfi,2023-09-11,60892,61278,61278,60673,30218,48294,9,11
bcfi,2023-09-12,61192,61481,61710,61192,32617,48684,9,12
bcfi,2023-09-13,61486,61329,61510,61223,28737,50029,9,13
bcfi,2023-09-14,61422,61732,61745,61238,30910,51096,9,14
bcfi,2023-09-15,61821,62031,62175,61640,35591,52769,9,15
bcfi,2023-09-18,61783,61703,61783,61445,30505,51520,9,18
bcfi,2023-09-19,61551,61050,61616,61033,32547,51802,9,19
bcfi,2023-09-20,60868,60992,61165,60868,34116,51122,9,20
bcfi,2023-09-21,61136,60762,61391,60738,28571,50693,9,21
bcfi,2023-09-22,59666,60454,60559,59629,41902,49430,9,22
bcfi,2023-09-25,60552,60049,60573,59993,38173,49387,9,25
bcfi,2023-09-26,60283,59584,60283,59563,40131,32405,9,26
bcfi,2023-09-27,59563,59389,59780,59340,25012,32223,9,27
bcfi,2023-09-28,59359,59561,59714,59337,21542,30977,9,28
bcfi,2023-10-09,59334,59661,59753,59332,11147,32406,10,9
bcfi,2023-10-10,59506,58790,59552,58734,24717,36873,10,10
bcfi,2023-10-11,58863,59167,59219,58534,23988,39979,10,11
bcfi,2023-10-12,58919,59201,59231,58764,17476,41364,10,12
bcfi,2023-10-13,58935,58838,59026,58421,19441,43058,10,13
bcfi,2023-10-16,58789,58950,58950,58345,17016,44389,10,16
bcfi,2023-10-17,58801,58260,58898,58230,20873,45517,10,17
bcfi,2023-10-18,58220,59134,59285,58220,21344,43986,10,18
bcfi,2023-10-19,58968,58905,59149,58647,19680,43809,10,19
bcfi,2023-10-20,59197,58539,59197,58475,21238,43738,10,20
bcfi,2023-10-23,58665,58151,58854,58127,20916,44616,10,23
bcfi,2023-10-24,58402,58958,59020,58333,24096,44361,10,24
bcfi,2023-10-25,58925,59365,59591,58880,29727,46346,10,25
bcfi,2023-10-26,59321,59071,59335,58926,26955,38145,10,26
bcfi,2023-10-27,59165,59370,59392,58887,21222,37651,10,27
bcfi,2023-10-30,59467,59797,59922,59467,21017,37812,10,30
bcfi,2023-10-31,60246,59776,60336,59570,23553,37538,10,31
bcfi,2023-11-01,59797,59759,59906,59567,18530,37102,11,1
bcfi,2023-11-02,59793,59947,60158,59789,19472,37478,11,2
bcfi,2023-11-03,60088,60298,60409,59954,20025,38403,11,3
bcfi,2023-11-06,60202,60109,60208,59806,23004,39067,11,6
bcfi,2023-11-07,60278,59998,60406,59956,19929,40584,11,7
bcfi,2023-11-08,59832,59980,60010,59632,21084,41325,11,8
bcfi,2023-11-09,59824,59461,60006,59334,22500,40800,11,9
bcfi,2023-11-10,59523,59516,59792,59382,18718,41433,11,10
bcfi,2023-11-13,59404,59380,59428,58964,21430,43142,11,13
bcfi,2023-11-14,59447,59791,59848,59447,20123,42971,11,14
bcfi,2023-11-15,59768,60006,60196,59759,27077,42686,11,15
bcfi,2023-11-16,60215,60166,60290,59979,23202,42576,11,16
bcfi,2023-11-17,60270,60123,60337,59819,25220,42807,11,17
bcfi,2023-11-20,60098,60102,60245,59903,24870,43701,11,20
bcfi,2023-11-21,60167,60515,60755,60059,23868,43857,11,21
bcfi,2023-11-22,60464,60407,60673,60267,21117,44297,11,22
bcfi,2023-11-23,60408,60234,60434,60009,21240,44174,11,23
bcfi,2023-11-24,60276,60503,60570,60276,23341,45863,11,24
bcfi,2023-11-27,60471,60542,60626,60179,23513,38842,11,27
bcfi,2023-11-28,60424,60104,60424,60056,17032,39953,11,28
bcfi,2023-11-29,60288,60504,60798,60288,17304,41903,11,29
bcfi,2023-11-30,60589,60663,60799,60340,17380,42982,11,30
bcfi,2023-12-01,60520,60794,60962,60418,17562,45689,12,1
bcfi,2023-12-04,61069,61064,61575,61042,19992,47283,12,4
bcfi,2023-12-05,60978,60387,61012,60266,17035,46887,12,5
bcfi,2023-12-06,60334,60371,60399,59920,17459,45806,12,6
bcfi,2023-12-07,60293,59676,60492,59490,15662,44976,12,7
bcfi,2023-12-08,59810,60214,60318,59655,13938,43182,12,8
bcfi,2023-12-11,60508,60638,61092,60507,19023,41555,12,11
bcfi,2023-12-12,60317,60441,60465,60085,12550,40365,12,12
bcfi,2023-12-13,60364,60012,60370,59957,12764,39409,12,13
bcfi,2023-12-14,60047,60446,60614,59881,11756,39197,12,14
bcfi,2023-12-15,61014,60900,61169,60790,15534,39708,12,15
bcfi,2023-12-18,60969,61049,61102,60610,15622,40309,12,18
bcfi,2023-12-19,61057,60900,61063,60700,12250,40968,12,19
bcfi,2023-12-20,61022,61465,61683,61022,17257,42322,12,20
bcfi,2023-12-21,61355,61588,61680,61210,19581,43023,12,21
bcfi,2023-12-22,61408,61673,61961,61366,19426,43018,12,22
bcfi,2023-12-25,61563,61716,61894,61547,13901,43686,12,25
bcfi,2023-12-26,61928,61926,62010,61647,19659,36634,12,26
bcfi,2023-12-27,61795,61854,62052,61571,17170,35835,12,27
bcfi,2023-12-28,61846,61934,62482,61836,19603,37277,12,28
bcfi,2023-12-29,61633,61487,61714,61389,12269,37088,12,29
bcfi,2024-01-02,61277,61482,61570,61205,11858,31945,1,2
bcfi,2024-01-03,61249,61149,61395,61013,13845,27808,1,3
bcfi,2024-01-04,60931,60897,61247,60744,10618,27266,1,4
bcfi,2024-01-05,60799,60843,61081,60616,11807,25204,1,5
bcfi,2024-01-08,60606,60611,61030,60464,16178,23420,1,8
bcfi,2024-01-09,60483,60530,60741,60297,15353,19996,1,9
bcfi,2024-01-10,60386,60100,60491,60033,13031,19542,1,10
bcfi,2024-01-11,60299,60472,60536,59958,10750,19965,1,11
bcfi,2024-01-12,60448,60450,60595,60066,12790,20216,1,12
bcfi,2024-01-15,60319,60014,60406,59905,11374,20677,1,15
bcfi,2024-01-16,60049,60106,60276,59991,11129,21139,1,16
bcfi,2024-01-17,60338,60060,60491,60018,10746,20640,1,17
bcfi,2024-01-18,60153,60142,60194,59843,12472,19556,1,18
bcfi,2024-01-19,59932,60014,60208,59692,11885,20658,1,19
bcfi,2024-01-22,60276,60156,60393,60085,10327,21003,1,22
bcfi,2024-01-23,60107,60343,60363,59964,10734,21421,1,23
bcfi,2024-01-24,60340,60632,60642,60257,9963,20377,1,24
bcfi,2024-01-25,60934,61257,61414,60928,15722,19522,1,25
bcfi,2024-01-26,61410,61199,61467,61183,13800,19964,1,26
bcfi,2024-01-29,61296,61133,61583,61077,11920,20268,1,29
bcfi,2024-01-30,61223,61373,61594,61222,8931,21510,1,30
bcfi,2024-01-31,61589,61760,61949,61374,12229,22923,1,31
bcfi,2024-02-01,61812,61417,62261,61379,12988,22742,2,1
bcfi,2024-02-02,61468,61091,61586,60986,10333,22501,2,2
bcfi,2024-02-05,61108,60981,61184,60908,10010,22559,2,5
bcfi,2024-02-06,60865,60570,60865,60480,11625,21343,2,6
bcfi,2024-02-07,60448,60553,60704,60367,10156,21400,2,7
bcfi,2024-02-08,60599,60407,60599,60162,11605,21313,2,8
bcfi,2024-02-19,60892,60766,60996,60647,7653,21285,2,19
bcfi,2024-02-20,60849,60637,60951,60537,8328,17326,2,20
bcfi,2024-02-21,60733,61288,61342,60694,13269,17677,2,21
bcfi,2024-02-22,61441,61442,61745,61302,10554,17922,2,22
bcfi,2024-02-23,61512,61624,61805,61329,9169,18567,2,23
bcfi,2024-02-26,61515,61330,61607,61271,11148,18444,2,26
bcfi,2024-02-27,61058,61210,61248,60935,11716,19086,2,27
bcfi,2024-02-28,61128,61066,61209,61031,9346,19904,2,28
bcfi,2024-02-29,61044,61318,61342,60853,10910,20464,2,29
bcfi,2024-03-01,61121,61163,61308,60971,8796,20517,3,1
bcfi,2024-03-04,61169,61410,61417,61047,9694,20575,3,4
bcfi,2024-03-05,61468,61369,61534,61292,8469,20780,3,5
bcfi,2024-03-06,61405,61359,61452,61247,7412,20886,3,6
bcfi,2024-03-07,61396,61664,61753,61390,11077,21444,3,7
bcfi,2024-03-08,62054,62028,62227,61839,16298,22988,3,8
bcfi,2024-03-11,62071,61718,62075,61603,11760,23149,3,11
bcfi,2024-03-12,61852,62080,62099,61799,9110,23461,3,12
bcfi,2024-03-13,62136,62456,62488,61865,12408,23896,3,13
bcfi,2024-03-14,63059,63347,63974,62961,23177,25758,3,14
bcfi,2024-03-15,63542,64596,64705,63533,18606,26449,3,15
bcfi,2024-03-18,64772,64872,65435,64722,17214,21489,3,18
bcfi,2024-03-19,65139,64955,65865,64591,20476,23607,3,19
bcfi,2024-03-20,64635,64678,64904,64396,14253,24867,3,20
bcfi,2024-03-21,64372,65240,65515,64267,15977,25433,3,21
bcfi,2024-03-22,64976,64428,65077,64285,14516,25664,3,22
bcfi,2024-03-25,64414,64371,64726,64278,12899,25310,3,25
bcfi,2024-03-26,64341,64063,64602,63847,13140,24781,3,26
bcfi,2024-03-27,64155,64175,64332,63967,11841,24486,3,27
bcfi,2024-03-28,63970,64515,64708,63744,16540,24685,3,28
bcfi,2024-03-29,64279,64586,64628,64136,15003,24534,3,29
bcfi,2024-04-01,64613,65096,65154,64527,10996,24335,4,1
bcfi,2024-04-02,64860,65255,65330,64835,13199,24440,4,2
bcfi,2024-04-03,65502,65905,65949,65262,20709,25620,4,3
bcfi,2024-04-08,66841,67343,67820,66258,21039,27016,4,8
bcfi,2024-04-09,67667,67785,68386,67629,25201,27260,4,9
bcfi,2024-04-10,68240,68265,68482,67764,22715,27622,4,10
bcfi,2024-04-11,68084,67942,68197,67520,21760,27670,4,11
bcfi,2024-04-12,67965,68368,68368,67582,15729,27946,4,12
bcfi,2024-04-15,68470,68412,69130,67855,27123,27653,4,15
bcfi,2024-04-16,68808,68536,69218,68259,26318,25017,4,16
bcfi,2024-04-17,68435,68568,68623,68105,15013,24940,4,17
bcfi,2024-04-18,68766,70249,70358,68522,19155,25442,4,18
bcfi,2024-04-19,69964,70748,71191,69746,24177,25161,4,19
bcfi,2024-04-22,70830,70947,72166,70818,26910,24444,4,22
bcfi,2024-04-23,71149,69685,71149,69552,26294,26004,4,23
bcfi,2024-04-24,69537,70875,70986,69386,17026,25892,4,24
bcfi,2024-04-25,70895,71580,71602,70416,21728,26879,4,25
bcfi,2024-04-26,71840,72316,72366,71279,23964,26947,4,26
bcfi,2024-04-29,72035,72185,72359,71519,20032,26005,4,29
bcfi,2024-04-30,72221,73192,73536,72221,23865,26098,4,30
bcfi,2024-05-06,72120,72536,72633,71695,8864,24967,5,6
bcfi,2024-05-07,72594,71884,72795,71867,15298,24603,5,7
bcfi,2024-05-08,71913,70800,72215,70737,15753,24859,5,8
bcfi,2024-05-09,70927,70906,71205,70723,12674,24523,5,9
bcfi,2024-05-10,71048,72132,72160,70855,18336,25124,5,10
bcfi,2024-05-13,71853,72245,72378,71568,16726,25100,5,13
bcfi,2024-05-14,72547,73143,73279,72450,19543,25608,5,14
bcfi,2024-05-15,73241,73052,73475,72414,27541,25390,5,15
bcfi,2024-05-16,73138,73815,74126,72447,28982,23381,5,16
bcfi,2024-05-17,73880,75368,75508,73706,31122,24671,5,17
bcfi,2024-05-20,75579,78594,79568,75579,50941,25586,5,20
bcfi,2024-05-21,78156,78147,79329,77151,44012,24434,5,21
bcfi,2024-05-22,78637,77261,78873,76731,29732,23523,5,22
bcfi,2024-05-23,76022,74365,76172,74037,32579,22145,5,23
bcfi,2024-05-24,74851,75161,75531,74438,19711,21284,5,24
bcfi,2024-05-27,74981,74604,75228,74546,12589,21057,5,27
bcfi,2024-05-28,74971,75551,76335,74965,18365,21050,5,28
bcfi,2024-05-29,75796,76479,76622,75262,22344,21130,5,29
bcfi,2024-05-30,75427,74041,75806,73738,31860,19844,5,30
bcfi,2024-05-31,73663,73630,73822,72942,23479,18876,5,31
bcfi,2024-06-03,73400,72781,73639,72525,16774,18563,6,3
bcfi,2024-06-04,73260,73255,73611,73050,14202,18610,6,4
bcfi,2024-06-05,72420,71594,72595,71569,18068,18196,6,5
bcfi,2024-06-06,72062,72465,72805,71590,15727,18061,6,6
bcfi,2024-06-07,72290,72602,73232,72286,11755,17935,6,7
bcfi,2024-06-11,71809,71125,72047,70968,10896,17839,6,11
bcfi,2024-06-12,70894,71105,71378,70633,12932,17572,6,12
bcfi,2024-06-13,71559,71208,71893,70673,12882,17710,6,13
bcfi,2024-06-14,71340,70936,71371,70576,11732,17374,6,14
bcfi,2024-06-17,70796,69788,70885,69776,15449,18093,6,17
bcfi,2024-06-18,69436,69742,70447,69348,13794,13014,6,18
bcfi,2024-06-19,69188,70397,70426,69162,11331,12918,6,19
bcfi,2024-06-20,70611,70805,71325,70404,14078,13329,6,20
bcfi,2024-06-21,70962,70529,71617,70529,12390,12864,6,21
bcfi,2024-06-24,70105,69901,70339,69688,14107,13318,6,24
bcfi,2024-06-25,70052,69845,70281,69746,9053,13715,6,25
bcfi,2024-06-26,69698,69620,69725,68793,13952,13756,6,26
bcfi,2024-06-27,69426,68760,69576,68698,11408,13806,6,27
bcfi,2024-06-28,69373,69514,69867,68945,14097,13867,6,28
bcfi,2024-07-01,69644,69303,69887,69148,10767,13426,7,1
bcfi,2024-07-02,69684,69781,69979,69638,11138,13066,7,2
bcfi,2024-07-03,70175,70698,70710,70002,11771,12906,7,3
bcfi,2024-07-04,70746,71164,71326,70746,13803,13740,7,4
bcfi,2024-07-05,71505,71697,71816,71194,11201,15067,7,5
bcfi,2024-07-08,71986,71276,72011,71120,17274,14804,7,8
bcfi,2024-07-09,71708,71752,71864,71375,11928,15543,7,9
bcfi,2024-07-10,71493,71055,71626,70957,12141,16004,7,10
bcfi,2024-07-11,71232,71291,71525,71130,9535,16398,7,11
bcfi,2024-07-12,71291,70291,71291,70141,15309,16092,7,12
bcfi,2024-07-15,70779,70931,71470,70561,14770,16737,7,15
bcfi,2024-07-16,70841,70641,71117,70460,12930,13044,7,16
bcfi,2024-07-17,70159,69804,70218,69662,16819,13412,7,17
bcfi,2024-07-18,69691,69778,69841,69341,13042,12743,7,18
bcfi,2024-07-19,68700,68021,68722,67776,16742,13450,7,19
bcfi,2024-07-22,67794,67214,67890,67091,13285,13282,7,22
bcfi,2024-07-23,66822,66322,67407,66318,14160,13236,7,23
bcfi,2024-07-24,66383,66507,66742,66115,9371,13139,7,24
bcfi,2024-07-25,66412,64744,66418,64595,13405,14119,7,25
bcfi,2024-07-26,65164,65740,66221,65099,12613,13885,7,26
bcfi,2024-07-29,65826,65724,66387,65703,9089,13872,7,29
bcfi,2024-07-30,65589,65180,65636,64814,9910,13617,7,30
bcfi,2024-07-31,64987,66021,66073,64572,10354,13541,7,31
bcfi,2024-08-01,66012,66517,66829,66006,11626,13276,8,1
bcfi,2024-08-02,66209,65716,66491,65411,13099,13108,8,2
bcfi,2024-08-05,65693,64102,65895,64089,17685,14101,8,5
bcfi,2024-08-06,63188,63276,64175,63038,20691,13095,8,6
bcfi,2024-08-07,62971,63372,63780,62956,13185,12763,8,7
bcfi,2024-08-08,63272,62674,63354,62658,10022,12897,8,8
bcfi,2024-08-09,62569,63379,63703,62569,13499,12740,8,9
bcfi,2024-08-12,63648,63859,63920,63293,9791,12399,8,12
bcfi,2024-08-13,63864,63985,64582,63795,11318,12755,8,13
bcfi,2024-08-14,63986,63762,64200,63553,11413,12773,8,14
bcfi,2024-08-15,63919,64330,64333,63677,9873,12748,8,15
bcfi,2024-08-16,64673,65620,65773,64673,11788,8989,8,16
bcfi,2024-08-19,65159,65612,65861,64799,10955,8867,8,19
bcfi,2024-08-20,65504,65590,65944,65399,9377,8764,8,20
bcfi,2024-08-21,66002,65686,66002,65014,10098,8413,8,21
bcfi,2024-08-22,65792,65651,66041,65333,9828,8487,8,22
bcfi,2024-08-23,65366,65269,65530,65085,9616,8517,8,23
bcfi,2024-08-26,65456,66801,66818,65257,12357,8471,8,26
bcfi,2024-08-27,66530,66609,66832,66291,8250,8656,8,27
bcfi,2024-08-28,66675,66317,67163,66228,8351,8443,8,28
bcfi,2024-08-29,66137,65854,66174,65465,9233,8320,8,29
bcfi,2024-08-30,65615,65974,66105,65275,9459,8617,8,30
bcfi,2024-09-02,65791,65311,65852,65197,7959,8993,9,2
bcfi,2024-09-03,65226,64705,65568,64689,7809,9117,9,3
bcfi,2024-09-04,64419,63618,64419,63518,13834,10395,9,4
bcfi,2024-09-05,63852,63492,64152,63480,10198,10314,9,5
bcfi,2024-09-06,64033,64866,64882,64033,14077,9889,9,6
bcfi,2024-09-09,64661,64234,64846,63630,11695,9940,9,9
bcfi,2024-09-10,64601,64888,65111,64310,12915,9815,9,10
bcfi,2024-09-11,64721,64952,65017,64148,9397,9983,9,11
bcfi,2024-09-12,65095,65545,65695,64533,11224,9845,9,12
bcfi,2024-09-13,65717,65589,66058,65429,8692,9463,9,13
bcfi,2024-09-18,66246,66047,66329,65824,5827,9599,9,18
bcfi,2024-09-19,66438,67215,67257,66027,13110,8850,9,19
bcfi,2024-09-20,67348,67364,67634,66974,12711,9115,9,20
bcfi,2024-09-23,67343,66811,67405,66730,11904,8817,9,23
bcfi,2024-09-24,66972,68179,68192,66949,13916,10134,9,24
bcfi,2024-09-25,68313,68607,69435,68313,15589,10386,9,25
bcfi,2024-09-26,68713,69177,69198,68392,12986,10163,9,26
bcfi,2024-09-27,69439,70086,70452,69308,15542,9345,9,27
bcfi,2024-09-30,69832,70374,70526,69597,15523,8108,9,30
bcfi,2024-10-08,70421,68995,70543,68970,10438,7965,10,8
bcfi,2024-10-09,69050,69172,69526,68895,12254,8404,10,9
bcfi,2024-10-10,68646,68583,69104,68374,12254,8640,10,10
bcfi,2024-10-11,68704,68860,69219,68663,9309,8607,10,11
bcfi,2024-10-14,69090,68881,69581,68385,10770,8386,10,14
bcfi,2024-10-15,68501,67995,68759,67912,13734,9332,10,15
bcfi,2024-10-16,67871,68162,68242,67800,8961,7630,10,16
bcfi,2024-10-17,68368,67512,68783,67477,10691,8005,10,17
bcfi,2024-10-18,67728,68400,68668,67596,9034,7672,10,18
bcfi,2024-10-21,68335,69111,69205,68249,8207,8064,10,21
bcfi,2024-10-22,68995,68610,69065,68023,10580,8494,10,22
bcfi,2024-10-23,68593,68080,68673,68019,10222,9772,10,23
bcfi,2024-10-24,67600,68318,68453,67533,9135,9987,10,24
bcfi,2024-10-25,68147,67737,68147,67483,10294,10535,10,25
bcfi,2024-10-28,67894,68290,68290,67784,11156,10555,10,28
bcfi,2024-10-29,67997,67835,68104,67691,11646,11367,10,29
bcfi,2024-10-30,67951,68025,68331,67754,9806,10965,10,30
bcfi,2024-10-31,67774,67570,68064,67570,9054,11171,10,31
bcfi,2024-11-01,67910,67876,68023,67589,8550,11109,11,1
bcfi,2024-11-04,68024,68598,68770,67774,12330,11618,11,4
bcfi,2024-11-05,68267,68820,68975,68258,9378,11909,11,5
bcfi,2024-11-06,68880,68095,69177,67956,15100,11717,11,6
bcfi,2024-11-07,67701,67915,68040,67249,15458,12251,11,7
bcfi,2024-11-08,68214,68326,68792,68159,12584,11601,11,8
bcfi,2024-11-11,67899,67949,68123,67792,8440,11661,11,11
bcfi,2024-11-12,67755,66619,68444,66276,11509,12219,11,12
bcfi,2024-11-13,66618,65654,66857,65638,11664,12257,11,13
bcfi,2024-11-14,65633,64221,65795,64122,12842,13244,11,14
bcfi,2024-11-15,64169,64646,64922,64111,11342,13205,11,15
bcfi,2024-11-18,65920,65222,66026,64800,13984,10186,11,18
bcfi,2024-11-19,65057,65747,65946,64986,10721,10157,11,19
bcfi,2024-11-20,65349,66081,66220,65349,8896,8726,11,20
bcfi,2024-11-21,66051,65911,66212,65776,7126,8386,11,21
bcfi,2024-11-22,65613,65197,65699,65014,10495,8918,11,22
bcfi,2024-11-25,64912,65707,65835,64871,10819,9073,11,25
bcfi,2024-11-26,65538,65189,65638,65040,9354,9449,11,26
bcfi,2024-11-27,65551,65600,65757,65085,9931,9416,11,27
bcfi,2024-11-28,65432,65243,65572,65170,7633,9526,11,28
bcfi,2024-11-29,65174,65273,65488,65020,7128,9541,11,29
bcfi,2024-12-02,65160,65049,65319,64889,6955,10404,12,2
bcfi,2024-12-03,65197,65590,65608,65133,9660,9725,12,3
bcfi,2024-12-04,65697,66255,66467,65610,10890,9698,12,4
bcfi,2024-12-05,66048,65918,66141,65817,6242,9729,12,5
bcfi,2024-12-06,65916,66185,66314,65706,6682,9849,12,6
bcfi,2024-12-09,66170,66162,66363,66027,6003,9737,12,9
bcfi,2024-12-10,66716,66434,66860,66376,7219,9466,12,10
bcfi,2024-12-11,66467,66709,66976,66422,7435,9410,12,11
bcfi,2024-12-12,66583,66675,66808,66516,7512,9604,12,12
bcfi,2024-12-13,66374,66049,66387,65871,12067,10151,12,13
bcfi,2024-12-16,66112,65726,66130,65690,7533,10762,12,16
bcfi,2024-12-17,65884,65726,66204,65660,7059,8502,12,17
bcfi,2024-12-18,65485,65318,65587,65258,7480,9247,12,18
bcfi,2024-12-19,65605,65269,65891,65013,9271,9683,12,19
bcfi,2024-12-20,65242,65251,65351,64958,8291,9444,12,20
bcfi,2024-12-23,65151,65592,65752,64992,10712,9408,12,23
bcfi,2024-12-24,65450,65522,65537,65160,10779,9752,12,24
bcfi,2024-12-25,65573,65608,65665,65406,8121,9708,12,25
bcfi,2024-12-26,65609,65536,65790,65515,5525,9719,12,26
bcfi,2024-12-27,65969,65644,66151,65628,9971,9687,12,27
bcfi,2024-12-30,65654,65813,65893,65486,8035,9583,12,30
bcfi,2024-12-31,65625,65300,65625,65081,9406,10124,12,31
bcfi,2025-01-02,64969,64889,65001,64699,5328,10618,1,2
bcfi,2025-01-03,64690,64541,64899,64395,9971,10786,1,3
bcfi,2025-01-06,64665,65137,65516,64665,10913,10079,1,6
bcfi,2025-01-07,66142,65874,66142,65578,13761,9644,1,7
bcfi,2025-01-08,66034,66312,66314,65798,7397,9317,1,8
bcfi,2025-01-09,65966,66400,66451,65838,10112,9825,1,9
bcfi,2025-01-10,66614,66661,66791,66472,8646,9977,1,10
bcfi,2025-01-13,66721,66840,66918,66382,10404,9745,1,13
bcfi,2025-01-14,66792,66816,66876,66445,6049,9485,1,14
bcfi,2025-01-15,66720,66640,66986,66462,7440,9498,1,15
bcfi,2025-01-16,66993,67770,67859,66919,10706,8682,1,16
bcfi,2025-01-17,67743,68101,68162,67637,8327,9320,1,17
bcfi,2025-01-20,67816,66926,67939,66840,11026,9480,1,20
bcfi,2025-01-21,67017,67145,67391,66777,10834,9649,1,21
bcfi,2025-01-22,66972,67057,67290,66864,10589,10675,1,22
bcfi,2025-01-23,67141,66495,67181,66440,12733,12003,1,23
bcfi,2025-01-24,66714,67382,67412,66674,11157,11883,1,24
bcfi,2025-01-27,67476,66843,67576,66538,9129,11588,1,27
bcfi,2025-02-05,66955,66731,66955,66332,6105,11986,2,5
bcfi,2025-02-06,66396,67512,67590,66243,13610,12757,2,6
bcfi,2025-02-07,67288,68602,68648,67288,13174,13038,2,7
bcfi,2025-02-10,68702,68779,69014,68449,16217,13175,2,10
bcfi,2025-02-11,68839,68647,68945,68532,10355,13266,2,11
bcfi,2025-02-12,68380,68559,68574,68235,11040,13343,2,12
bcfi,2025-02-13,68600,68911,68999,68487,11587,13644,2,13
bcfi,2025-02-14,68945,69220,69387,68637,12691,13830,2,14
bcfi,2025-02-17,69432,68498,69510,68394,16999,14198,2,17
bcfi,2025-02-18,68171,68306,68394,68029,10029,9899,2,18
bcfi,2025-02-19,68301,68565,68840,68107,10878,10587,2,19
bcfi,2025-02-20,68913,69144,69238,68697,14092,11418,2,20
bcfi,2025-02-21,69300,68629,69300,68559,13761,12776,2,21
bcfi,2025-02-24,68857,68812,69179,68699,13004,13892,2,24
bcfi,2025-02-25,68877,68552,69021,68506,17359,14346,2,25
bcfi,2025-02-26,68767,68645,69141,68186,18654,15141,2,26
bcfi,2025-02-27,68768,68566,68892,68345,12161,15515,2,27
bcfi,2025-02-28,68690,68391,68851,68290,15761,16608,2,28
bcfi,2025-03-03,68536,68582,68860,68265,12856,16009,3,3
bcfi,2025-03-04,68706,68496,68867,68471,10974,16612,3,4
bcfi,2025-03-05,68576,68844,68909,68286,16076,17633,3,5
bcfi,2025-03-06,69141,69889,70052,68982,18364,19400,3,6
bcfi,2025-03-07,70041,69993,70651,69940,15517,19706,3,7
bcfi,2025-03-10,70059,69807,70337,69734,12579,19308,3,10
bcfi,2025-03-11,69789,69558,69811,69104,10819,18493,3,11
bcfi,2025-03-12,69869,70466,70588,69702,16344,19340,3,12
bcfi,2025-03-13,71595,70734,71671,70700,13470,19305,3,13
bcfi,2025-03-14,70950,71671,71686,70852,14438,19850,3,14
bcfi,2025-03-17,71478,71673,71705,71161,10551,19999,3,17
bcfi,2025-03-18,71440,71519,71854,71195,9446,15308,3,18
bcfi,2025-03-19,71722,72070,72263,71502,11459,16091,3,19
bcfi,2025-03-20,72217,72820,72929,72105,14377,16716,3,20
bcfi,2025-03-21,72453,71890,72929,71756,11847,16702,3,21
bcfi,2025-03-24,71820,72984,73026,71468,12972,17000,3,24
bcfi,2025-03-25,73070,72992,73207,72575,12060,16913,3,25
bcfi,2025-03-26,72976,73044,74261,72788,20290,17113,3,26
bcfi,2025-03-27,72974,72619,72991,72285,15293,16888,3,27
bcfi,2025-03-28,72123,71619,72222,71535,14774,16487,3,28
bcfi,2025-03-31,71823,71213,72234,70934,14924,15608,3,31
bcfi,2025-04-01,71160,71471,71525,70847,12907,14964,4,1
bcfi,2025-04-02,71245,70994,71300,70919,12896,14391,4,2
bcfi,2025-04-03,71015,70447,71085,70289,17735,13337,4,3
bcfi,2025-04-07,67260,67226,68176,67222,17073,13407,4,7
bcfi,2025-04-08,66602,67109,67743,66406,27568,12345,4,8
bcfi,2025-04-09,67159,66416,67488,65810,27414,12293,4,9
bcfi,2025-04-10,66343,66779,68321,66147,27834,12193,4,10
bcfi,2025-04-11,66399,66695,66742,66066,20048,12006,4,11
bcfi,2025-04-14,66886,67330,67393,66648,15863,12111,4,14
bcfi,2025-04-15,67518,67281,67569,67154,12480,11026,4,15
bcfi,2025-04-16,67262,66805,67643,66574,11425,6660,4,16
bcfi,2025-04-17,66989,67310,67720,66913,9648,6325,4,17
bcfi,2025-04-18,67275,67670,67847,67084,8721,6195,4,18
bcfi,2025-04-21,67692,68791,68856,67386,8380,6134,4,21
bcfi,2025-04-22,68936,68602,69029,68005,8663,5668,4,22
bcfi,2025-04-23,68780,69296,69827,68646,8694,5401,4,23
bcfi,2025-04-24,69388,68846,69428,68698,7508,5234,4,24
bcfi,2025-04-25,68909,68880,69364,68685,8636,5148,4,25
bcfi,2025-04-28,68849,68925,69145,68471,9353,5184,4,28
bcfi,2025-04-29,69054,69093,69125,68710,7025,5384,4,29
bcfi,2025-04-30,69393,68628,69894,68469,8227,5277,4,30
bcfi,2025-05-06,69035,68848,69388,68630,6400,5758,5,6
bcfi,2025-05-07,68999,69412,69820,68933,9220,6316,5,7
bcfi,2025-05-08,69092,68876,69299,68862,9580,6110,5,8
bcfi,2025-05-09,68925,69004,69456,68836,6334,5872,5,9
bcfi,2025-05-12,69224,69231,69387,69007,7464,5918,5,12
bcfi,2025-05-13,69132,69023,69173,68806,6765,5768,5,13
bcfi,2025-05-14,68909,69547,69619,68859,18335,6103,5,14
bcfi,2025-05-15,69536,69507,69949,69264,7630,5749,5,15
bcfi,2025-05-16,69323,69215,69622,69061,5225,3396,5,16
bcfi,2025-05-19,68909,68831,69133,68605,6860,3825,5,19
bcfi,2025-05-20,68820,68755,69261,68728,5226,3630,5,20
bcfi,2025-05-21,68947,69375,69672,68893,7304,3815,5,21
bcfi,2025-05-22,69345,69206,69345,68914,4546,3679,5,22
